,DL-LA 9-class,DL-LA Wegener,"TVLA $t$-test, $\mu_2$"
0,,0.5,1.0
1,,0.25,1.0
2,,0.125,1.0
3,,0.3125,0.9994260548163842
4,0.8810138682278075,0.5,0.998852109632768
5,0.8810138682278075,0.34375,0.9982781644491517
6,0.9025215437736186,0.2265625,0.9977042192655361
7,0.9025215437736186,0.14453125,0.9971302740819198
8,0.7512786976380906,0.08984375,0.9965563288983039
9,0.7512786976380906,0.0546875,0.9959823837146878
10,0.4222807634496897,0.03271484375,0.995408438531072
11,0.4222807634496897,0.019287109375,0.9948344933474559
12,0.43561271260331924,0.046142578125,0.99426054816384
13,0.43561271260331924,0.08978271484375,0.993686602980224
14,0.2780180252170285,0.15087890625,0.9931126577966077
15,0.2780180252170285,0.1050567626953125,0.9925387126129921
16,0.28363246717650814,0.0717315673828125,0.9919647674293761
17,0.28363246717650814,0.048126220703125,0.9913908222457597
18,0.1662347136519221,0.08353424072265625,0.9908168770621438
19,0.1662347136519221,0.13158798217773438,0.9902429318785281
20,0.08080511271142839,0.09462356567382812,0.9896689866949122
21,0.08080511271142839,0.06690025329589844,0.9890950415112958
22,0.038558011249800274,0.04656982421875,0.9885210963276799
23,0.038558011249800274,0.07579481601715088,0.9879471511440642
24,0.015056413238049798,0.05387607216835022,0.987373205960448
25,0.015056413238049798,0.03775934875011444,0.9867992607768319
26,0.023511050618211394,0.026119492948055267,0.986225315593216
27,0.023511050618211394,0.04357927665114403,0.9856513704095999
28,0.018801360184024604,0.03071417286992073,0.9850774252259841
29,0.018801360184024604,0.02138697262853384,0.9845034800423678
30,0.019910540637419576,0.035377772990614176,0.9839295348587518
31,0.019910540637419576,0.025051229866221547,0.9833555896751358
32,0.02022899947451215,0.01754101668484509,0.9827816444915201
33,0.02022899947451215,0.012153255054727197,0.9822076993079041
34,0.01395439137603006,0.008336923900060356,0.9816337541242877
35,0.01395439137603006,0.005665492091793567,0.9810598089406719
36,0.012367111330138828,0.003816039301455021,0.9804858637570557
37,0.012367111330138828,0.0025488216488156468,0.9799119185734397
38,0.016092571460305127,0.0016889239559532143,0.9793379733898238
39,0.016092571460305127,0.003213288047845708,0.978764028206208
40,0.02553550188861615,0.002162002467230195,0.9781900830225917
41,0.02553550188861615,0.003957948667448363,0.977616137838976
42,0.013640214692588346,0.0027007863272956456,0.9770421926553599
43,0.013640214692588346,0.004779939428317449,0.9764682474717435
44,0.0072096882626939175,0.003304411421140685,0.9758943022881279
45,0.0072096882626939175,0.005675795718389054,0.9753203571045118
46,0.005575556738522288,0.003971363254741789,0.9747464119208958
47,0.005575556738522288,0.006641640781122504,0.9741724667372799
48,0.004650294432234593,0.010647057070693577,0.973598521553664
49,0.004650294432234593,0.016419568782134242,0.9730245763700479
50,0.004344176630428816,0.024436946159135164,0.9724506311864314
51,0.004344176630428816,0.018241700004179906,0.9718766860028157
52,0.004848155723807801,0.013504158826861179,0.9713027408192
53,0.004848155723807801,0.02011178204785835,0.970728795635584
54,0.007921656738319858,0.029032073396204533,0.9701548504519677
55,0.007921656738319858,0.0407134073047531,0.9695809052683518
56,0.009539411059563014,0.03136834017791425,0.9690069600847359
57,0.009539411059563014,0.023970162035833485,0.9684330149011198
58,0.007463162911677317,0.03372230595039449,0.9678590697175038
59,0.007463162911677317,0.02594694796446072,0.9672851245338878
60,0.010343665842777952,0.03608871925046128,0.9667111793502718
61,0.010343665842777952,0.02794861334985556,0.9661372341666556
62,0.015064050409289315,0.021478272762194595,0.9655632889830399
63,0.015064050409289315,0.029970594783499605,0.9649893437994237
64,0.008472533154529557,0.04084076697077002,0.9644153986158075
65,0.008472533154529557,0.05442848220485803,0.963841453432192
66,0.028013230562912703,0.043218617136735436,0.9632675082485758
67,0.028013230562912703,0.05712715342496163,0.9626935630649598
68,0.035102569139193275,0.07401609034637913,0.9621196178813436
69,0.035102569139193275,0.09410810151151384,0.9615456726977278
70,0.03394016593610173,0.11754878120417091,0.9609717275141116
71,0.03394016593610173,0.14439214020705243,0.9603977823304956
72,0.058974114011606536,0.17459091908529412,0.9598238371468797
73,0.058974114011606536,0.2079925987536523,0.9592498919632636
74,0.057987635890383485,0.2443414854515716,0.9586759467796477
75,0.057987635890383485,0.2832867211993423,0.9581020015960316
76,0.07666556321638597,0.3243955811553224,0.957528056412416
77,0.07666556321638597,0.28579335900153624,0.9569541112287997
78,0.06052065612236461,0.24994843843016332,0.9563801660451837
79,0.06052065612236461,0.28821531309419657,0.9558062208615677
80,0.04880324050621211,0.32849623379317894,0.9552322756779518
81,0.04880324050621211,0.37032642067289134,0.9546583304943359
82,0.08185188453693389,0.3304418238806074,0.9540843853107198
83,0.08185188453693389,0.29282339736061247,0.9535104401271035
84,0.04876206636950001,0.3323227452066072,0.9529364949434876
85,0.04876206636950001,0.29501780557427854,0.9523625497598717
86,0.025825370882390612,0.3341424983594036,0.9517886045762559
87,0.025825370882390612,0.29714414757347024,0.9512146593926396
88,0.013603915822607612,0.26250739364621317,0.9506407142090237
89,0.013603915822607612,0.23039623635948575,0.9500667690254077
90,0.016168780214337906,0.20090639803493981,0.9494928238417915
91,0.016168780214337906,0.17407064515960322,0.9489188786581757
92,0.01416523858112883,0.20346218402306723,0.9483449334745595
93,0.01416523858112883,0.23524605744518534,0.9477709882909435
94,0.006911282159704353,0.20595503684048824,0.9471970431073278
95,0.006911282159704353,0.1791988160958131,0.9466230979237118
96,0.00429841391237628,0.15496676711950347,0.9460491527400956
97,0.00429841391237628,0.18167709383202657,0.9454752075564794
98,0.007463425173056891,0.15743994551881124,0.9449012623728639
99,0.007463425173056891,0.18410080866334805,0.9443273171892477
100,0.00631971975649506,0.21308000773349686,0.9437533720056315
101,0.00631971975649506,0.2442172322663163,0.9431794268220155
102,0.006428822403234404,0.2773005333324371,0.9426054816383997
103,0.006428822403234404,0.2463225332432514,0.9420315364547835
104,0.007228247786758831,0.2791971455827955,0.9414575912711676
105,0.007228247786758831,0.24837719651447276,0.9408836460875516
106,0.008104513786558272,0.21972005088954144,0.9403097009039355
107,0.008104513786558272,0.19328630449413048,0.9397357557203196
108,0.009386196957386333,0.22183475060117416,0.9391618105367036
109,0.009386196957386333,0.2523424037939957,0.9385878653530877
110,0.012521244568630427,0.19648540381447804,0.9380139201694717
111,0.012521244568630427,0.1723521110034788,0.9374399749858556
112,0.015955116023900536,0.15038280680610178,0.9368660298022397
113,0.015955116023900536,0.17448582657487105,0.9362920846186235
114,0.012770648496936154,0.2006633034176341,0.9357181394350077
115,0.012770648496936154,0.17658017665799386,0.9351441942513915
116,0.01613893373433815,0.1545885223164558,0.9345702490677755
117,0.01613893373433815,0.17863627951593736,0.9339963038841596
118,0.009036526989392146,0.15663883142259932,0.9334223587005435
119,0.009036526989392146,0.13666083914614907,0.9328484135169275
120,0.008439848729728808,0.15865525393145707,0.9322744683333115
121,0.008439848729728808,0.1826380222046417,0.9317005231496955
122,0.012544612532917507,0.16063862070703305,0.9311265779660796
123,0.012544612532917507,0.1405990497820896,0.9305526327824636
124,0.010695332809852869,0.12246438911801522,0.9299786875988474
125,0.010695332809852869,0.14252470370130638,0.9294047424152314
126,0.006440505444173994,0.16450939798607722,0.9288307972316157
127,0.006440505444173994,0.14442218317324246,0.9282568520479995
128,0.003898499572842517,0.12619031026772554,0.9276829068643835
129,0.003898499572842517,0.1097457788509939,0.9271089616807673
130,0.006288242712010014,0.12801694170311356,0.9265350164971515
131,0.006288242712010014,0.1481349357421432,0.9259610713135356
132,0.006844816161747366,0.1700871372700561,0.9253871261299194
133,0.006844816161747366,0.1938300868173396,0.9248131809463036
134,0.006846917662996,0.17188837764917897,0.9242392357626874
135,0.006846917662996,0.19558626140506974,0.9236652905790717
136,0.005705590996846783,0.17366176642787007,0.9230913453954555
137,0.005705590996846783,0.15350694901691259,0.9225174002118395
138,0.005731641652629021,0.13509054785511676,0.9219434550282235
139,0.005731641652629021,0.11836178531892866,0.9213695098446074
140,0.0036137213163585516,0.1032536477427125,0.9207955646609916
141,0.0036137213163585516,0.0896861589778361,0.9202216194773755
142,0.003000230604815983,0.07756954427451121,0.9196476742937596
143,0.003000230604815983,0.06680720126885807,0.9190737291101435
144,0.001214572478261401,0.05729841501949578,0.9184997839265275
145,0.001214572478261401,0.0681528037435708,0.9179258387429113
146,0.0010583016170300614,0.08043726438537857,0.9173518935592954
147,0.0010583016170300614,0.09422270862135318,0.9167779483756796
148,0.0009380442927297713,0.08185613181602192,0.9162040031920634
149,0.0009380442927297713,0.09570921261880361,0.9156300580084473
150,0.0007674266293261979,0.1111030924605384,0.9150561128248317
151,0.0007674266293261979,0.12807248330176324,0.9144821676412154
152,0.0007749059695851953,0.11262645318032655,0.9139082224575994
153,0.0007749059695851953,0.09864399637725962,0.9133342772739834
154,0.0004410701835500051,0.0860522389173572,0.9127603320903672
155,0.0004410701835500051,0.07477067729230756,0.9121863869067515
156,0.00033442448354144456,0.06471353185105902,0.9116124417231355
157,0.00033442448354144456,0.05579189724453158,0.9110384965395195
158,0.0003714413725447112,0.04791565932297876,0.9104645513559033
159,0.0003714413725447112,0.0409951605001915,0.9098906061722873
160,0.00039940902793998196,0.048959018387780495,0.9093166609886714
161,0.00039940902793998196,0.04195081137794392,0.9087427158050554
162,0.0003705625528112743,0.05000068915373953,0.9081687706214394
163,0.0003705625528112743,0.04290639032527607,0.9075948254378234
164,0.0004006863346007548,0.03668296340140734,0.9070208802542072
165,0.0004006863346007548,0.043861685935911075,0.9064469350705915
166,0.0006599456353322109,0.05207821242902394,0.9058729898869753
167,0.0006599456353322109,0.0448164971339445,0.9052990447033592
168,0.0004138477572013031,0.03842768567595951,0.9047250995197436
169,0.0004138477572013031,0.032831595954732486,0.9041511543361276
170,0.0007890318331551462,0.027951068179000504,0.9035772091525113
171,0.0007890318331551462,0.03362625213041529,0.9030032639688953
172,0.0006152003759318952,0.040175110012735535,0.9024293187852793
173,0.0006152003759318952,0.047676159537283394,0.9018553736016635
174,0.0006466524610519375,0.04104935432713726,0.9012814284180471
175,0.0006466524610519375,0.035220214636043995,0.9007074832344315
176,0.0005459790360902824,0.041923713494203485,0.9001335380508154
177,0.0005459790360902824,0.03601914466256495,0.8995595928671991
178,0.00038937027470619236,0.04279801747320808,0.8989856476835832
179,0.00038937027470619236,0.05052512796270496,0.8984117024999673
180,0.0005054307702548176,0.043672103782497765,0.8978377573163513
181,0.0005054307702548176,0.03762001541866397,0.8972638121327353
182,0.00035709260240862774,0.04454581721385991,0.8966898669491193
183,0.00035709260240862774,0.03842162201682816,0.8961159217655033
184,0.0006191991967324964,0.04541900955574403,0.8955419765818873
185,0.0006191991967324964,0.039223797602671716,0.8949680313982714
186,0.0005388705642582339,0.03376119125842824,0.8943940862146551
187,0.0005388705642582339,0.02896383494194496,0.8938201410310391
188,0.0005355184139572622,0.024767306717813353,0.8932461958474234
189,0.0005355184139572622,0.021110587623581187,0.8926722506638074
190,0.0005488083705106092,0.01793639749054243,0.8920983054801912
191,0.0005488083705106092,0.015191410988288745,0.8915243602965752
192,0.0007822946572243705,0.01282636855398635,0.8909504151129592
193,0.0007822946572243705,0.010796097176168177,0.8903764699293433
194,0.0006852118021642204,0.00905945579283191,0.8898025247457275
195,0.0006852118021642204,0.0075792194387197245,0.8892285795621113
196,0.000954559175327796,0.006321915336907083,0.8886546343784953
197,0.000954559175327796,0.007840111529540398,0.8880806891948791
198,0.0006034389236744699,0.006549171093867908,0.8875067440112632
199,0.0006034389236744699,0.005454749182134642,0.8869327988276472
200,0.0006205114056384512,0.004530039555312082,0.8863588536440312
201,0.0006205114056384512,0.005655335537214311,0.8857849084604151
202,0.0005740215344020786,0.0047035898679959574,0.8852109632767993
203,0.0005740215344020786,0.0039008638183699105,0.8846370180931832
204,0.0006526937421259087,0.004880370696475081,0.8840630729095672
205,0.0006526937421259087,0.0060667309591377425,0.8834891277259512
206,0.0004898154452228919,0.005060352002611566,0.882915182542335
207,0.0004898154452228919,0.004209022032676049,0.8823412373587193
208,0.0004184150998601645,0.0052435028676074465,0.8817672921751033
209,0.0004184150998601645,0.00436757762782708,0.8811933469914871
210,0.0004132546633125891,0.005429791556987972,0.8806194018078713
211,0.0004132546633125891,0.004529087110736539,0.8800454566242552
212,0.00028688876059872713,0.003767382177900803,0.8794715114406392
213,0.00028688876059872713,0.0031252380481578287,0.8788975662570231
214,0.000321016507270253,0.003909609448226288,0.8783236210734072
215,0.000321016507270253,0.00324779312858951,0.8777496758897909
216,0.0001919909738453686,0.002690771800195949,0.8771757307061752
217,0.0001919909738453686,0.0022233686778679825,0.8766017855225592
218,0.0001258279216593011,0.0018323343306915429,0.8760278403389432
219,0.0001258279216593011,0.0015061527253727427,0.875453895155327
220,9.69747949032296e-05,0.001234857146273598,0.874879949971711
221,9.69747949032296e-05,0.001573068226067653,0.8743060047880953
222,7.429572177889093e-05,0.0012915934077616547,0.8737320596044793
223,7.429572177889093e-05,0.001057803257926497,0.8731581144208633
224,4.711795396487216e-05,0.0008641652090980683,0.8725841692372469
225,4.711795396487216e-05,0.0011071488445462334,0.8720102240536314
226,5.610950101716786e-05,0.0014097783667590834,0.871436278870015
227,5.610950101716786e-05,0.0011579034549452972,0.8708623336863992
228,0.00018851576379511385,0.0009486729444369909,0.8702883885027832
229,0.00018851576379511385,0.0007753447428165104,0.869714443319167
230,0.0002749752788349038,0.0006321479959143329,0.8691404981355513
231,0.0002749752788349038,0.0005141615553151701,0.8685665529519351
232,0.0002233381828396946,0.000417204117072046,0.867992607768319
233,0.0002233381828396946,0.0005404005854870313,0.867418662584703
234,0.0001734342568933065,0.00043913168215515885,0.866844717401087
235,0.0001734342568933065,0.00035600579356901785,0.8662707722174712
236,0.00016216324545490504,0.0004618251329290555,0.8656968270338552
237,0.00016216324545490504,0.0005955170246192389,0.8651228818502391
238,0.00010753110971676197,0.00048529516628317306,0.8645489366666231
239,0.00010753110971676197,0.00039455649450781497,0.8639749914830072
240,9.360706688299412e-05,0.0003200474950456717,0.863401046299391
241,9.360706688299412e-05,0.00041485774361595806,0.8628271011157752
242,0.00010787305997543036,0.000534606377459684,0.862253155932159
243,0.00010787305997543036,0.0006849430523862622,0.861679210748543
244,0.00014048455157847465,0.0008725593497644525,0.861105265564927
245,0.00014048455157847465,0.0007165911726622368,0.860531320381311
246,0.00016239775616163203,0.0005871452892360052,0.8599573751976951
247,0.00016239775616163203,0.0004799847003032703,0.8593834300140791
248,0.0001670033241623001,0.0006146488795712599,0.8588094848304632
249,0.0001670033241623001,0.000782701129001274,0.8582355396468472
250,0.00012827543372993086,0.0006429873166202919,0.8576615944632312
251,0.00012827543372993086,0.0005270170228923937,0.8570876492796151
252,0.0002907148960573781,0.0004309951180463394,0.8565137040959989
253,0.0002907148960573781,0.00035168604568192307,0.8559397589123832
254,0.00035195301696691193,0.00045172035698888747,0.8553658137287672
255,0.00035195301696691193,0.0003690784542750669,0.854791868545151
256,0.0003194425679276528,0.0003008956955904538,0.854217923361535
257,0.0003194425679276528,0.0003870503518478713,0.853643978177919
258,0.00038472963289847776,0.00031595633651919987,0.8530700329943028
259,0.00038472963289847776,0.0002573639808771639,0.8524960878106869
260,0.00039308664337349614,0.0003315302303275964,0.8519221426270711
261,0.00039308664337349614,0.00042476539673006673,0.8513481974434549
262,0.0004883906584910359,0.0003476252136576237,0.8507742522598389
263,0.0004883906584910359,0.0004445245153292737,0.850200307076223
264,0.0003172272814729519,0.0005654383002639537,0.849626361892607
265,0.0003172272814729519,0.0004648950604982029,0.849052416708991
266,0.00030988627622657904,0.00038140911559354394,0.848478471525375
267,0.00030988627622657904,0.000312249928099141,0.847904526341759
268,0.0003653355515419802,0.0003991130191251047,0.847330581158143
269,0.0003653355515419802,0.00032714276169317624,0.846756635974527
270,0.00021280132507431245,0.000267587562862754,0.846182690790911
271,0.00021280132507431245,0.00034251843268961264,0.8456087456072948
272,0.00019481275260840603,0.0004361811216726578,0.8450348004236788
273,0.00019481275260840603,0.0003583838894600799,0.8444608552400629
274,0.00018270649162113994,0.0002938488915365818,0.8438869100564469
275,0.00018270649162113994,0.0003747459614100891,0.8433129648728308
276,0.00014704766004316986,0.0003076282545798127,0.8427390196892148
277,0.00014704766004316986,0.000252011860963324,0.842165074505599
278,0.00011366114527642442,0.00020602946571665726,0.841591129321983
279,0.00011366114527642442,0.00016809675237401269,0.8410171841383669
280,0.0001058917981001866,0.0001368733567309508,0.840443238954751
281,0.0001058917981001866,0.00011122848898844927,0.839869293771135
282,7.00466329002995e-05,9.021079991540612e-05,0.839295348587519
283,7.00466329002995e-05,7.30220794919355e-05,0.838721403403903
284,4.6132560617366005e-05,5.899439477763924e-05,0.8381474582202868
285,4.6132560617366005e-05,4.757029601474738e-05,0.837573513036671
286,5.103508554472268e-05,3.828574487574158e-05,0.8369995678530551
287,5.103508554472268e-05,5.0310961059818266e-05,0.8364256226694389
288,3.8038878108184396e-05,6.577744535941291e-05,0.8358516774858227
289,3.8038878108184396e-05,5.316947011604794e-05,0.8352777323022067
290,3.7229470009115705e-05,4.2897171215174104e-05,0.834703787118591
291,3.7229470009115705e-05,3.454485118529091e-05,0.8341298419349747
292,6.476370867923024e-05,2.7767299296795908e-05,0.8335558967513588
293,6.476370867923024e-05,2.2278545302028113e-05,0.832981951567743
294,9.222426910278941e-05,1.7842267906636406e-05,0.8324080063841268
295,9.222426910278941e-05,1.4263641694579242e-05,0.8318340612005108
296,6.0148992904714333e-05,1.138242922895398e-05,0.8312601160168948
297,6.0148992904714333e-05,9.067146650735788e-06,0.8306861708332789
298,4.9923794256646234e-05,1.212338765651535e-05,0.8301122256496628
299,4.9923794256646234e-05,1.6128207281218837e-05,0.8295382804660469
300,3.498208990054948e-05,1.2902003007974516e-05,0.8289643352824309
301,3.498208990054948e-05,1.0302986315428401e-05,0.8283903900988147
302,2.6502927302453053e-05,1.3719597941213199e-05,0.8278164449151989
303,2.6502927302453053e-05,1.0969168094750653e-05,0.8272424997315829
304,2.1232828357327795e-05,8.754867006395395e-06,0.8266685545479667
305,2.1232828357327795e-05,1.1669074229444463e-05,0.8260946093643508
306,1.2702683763901398e-05,9.324696129657535e-06,0.825520664180735
307,1.2702683763901398e-05,1.2403891921132574e-05,0.8249467189971188
308,2.125152877258648e-05,1.64198005421682e-05,0.8243727738135027
309,2.125152877258648e-05,1.3174827886977829e-05,0.8237988286298871
310,2.9617785824665465e-05,1.740695557475748e-05,0.8232248834462709
311,2.9617785824665465e-05,1.3983108000780582e-05,0.8226509382626549
312,2.579896579325374e-05,1.121335762057673e-05,0.8220769930790388
313,2.579896579325374e-05,8.976872813777621e-06,0.8215030478954228
314,5.259630091253175e-05,1.1906188423871696e-05,0.8209291027118066
315,5.259630091253175e-05,9.542546962708322e-06,0.8203551575281907
316,8.240563374226103e-05,1.2632478753613976e-05,0.8197812123445747
317,8.240563374226103e-05,1.0136242256564563e-05,0.8192072671609587
318,0.00011218414548736533,8.119563880926181e-06,0.8186333219773427
319,0.00011218414548736533,6.493246270986479e-06,0.8180593767937268
320,0.00012845131781921685,8.628162494621097e-06,0.8174854316101108
321,0.00012845131781921685,1.141160663343408e-05,0.8169114864264948
322,0.0001051209565758814,1.5023381532790895e-05,0.8163375412428788
323,0.0001051209565758814,1.2095271592301856e-05,0.8157635960592629
324,0.00011126395664617364,1.5894868808732623e-05,0.8151896508756467
325,0.00011126395664617364,1.2810948936923163e-05,0.8146157056920307
326,9.406696845610463e-05,1.680557805482127e-05,0.8140417605084149
327,9.406696845610463e-05,1.3559676136327004e-05,0.8134678153247987
328,0.00010497940716502237,1.092248774730476e-05,0.8128938701411826
329,0.00010497940716502237,1.4342505976737438e-05,0.8123199249575668
330,0.00011187256609660104,1.1565536738551152e-05,0.8117459797739507
331,0.00011187256609660104,9.310876210154966e-06,0.8111720345903347
332,0.0001249432201487965,7.483505059912766e-06,0.8105980894067187
333,0.0001249432201487965,9.862987517945145e-06,0.8100241442231025
334,0.00013851957111789482,1.2941480499398525e-05,0.8094501990394868
335,0.00013851957111789482,1.0440831505575653e-05,0.8088762538558708
336,9.877256276272541e-05,8.409679105993254e-06,0.8083023086722546
337,9.877256276272541e-05,6.762737908030437e-06,0.8077283634886386
338,9.089068900487349e-05,8.90589954596956e-06,0.8071544183050229
339,9.089068900487349e-05,1.167709203215424e-05,0.8065804731214067
340,0.00013499555895621102,9.425196685117653e-06,0.8060065279377907
341,0.00013499555895621102,1.2337228647221742e-05,0.8054325827541746
342,0.0001179636094569663,1.607977781600339e-05,0.8048586375705586
343,0.0001179636094569663,1.3026537693145896e-05,0.8042846923869427
344,0.00012346019279510853,1.695064272960911e-05,0.8037107472033267
345,0.00012346019279510853,1.3745911112453422e-05,0.8031368020197107
346,0.00011715171166017041,1.1129172553520871e-05,0.8025628568360945
347,0.00011715171166017041,1.4496253222843132e-05,0.8019889116524788
348,0.00012042318042813303,1.17484612324016e-05,0.8014149664688626
349,0.00012042318042813303,9.506381408939991e-06,0.8008410212852468
350,0.00010991700751758853,7.680044586540937e-06,0.8002670761016306
351,0.00010991700751758853,6.19486295456e-06,0.7996931309180146
352,8.430983344401378e-05,8.118731779860004e-06,0.7991191857343988
353,8.430983344401378e-05,6.555303777183059e-06,0.7985452405507825
354,0.00011705412377894904,8.577222251995825e-06,0.7979712953671667
355,0.00011705412377894904,6.932402975704541e-06,0.7973973501835506
356,9.349908494978589e-05,9.056149512280202e-06,0.7968234049999345
357,9.349908494978589e-05,1.1782009415562158e-05,0.7962494598163186
358,6.998941115520976e-05,9.556157285508748e-06,0.7956755146327026
359,6.998941115520976e-05,7.738792395048512e-06,0.7951015694490865
360,3.773898005492953e-05,6.2574020173746905e-06,0.7945276242654706
361,3.773898005492953e-05,8.169214508642202e-06,0.7939536790818545
362,3.7168412834418114e-05,6.611852138149383e-06,0.7933797338982386
363,3.7168412834418114e-05,5.3432243318478395e-06,0.7928057887146226
364,4.037967073072423e-05,4.311476082418724e-06,0.7922318435310067
365,4.037967073072423e-05,3.4737268973494523e-06,0.7916578983473906
366,3.947710920823758e-05,2.7945846041679247e-06,0.7910839531637747
367,3.947710920823758e-05,3.679013175187058e-06,0.7905100079801588
368,4.480745032172471e-05,4.823828763878576e-06,0.7899360627965426
369,4.480745032172471e-05,6.2996184475604405e-06,0.7893621176129264
370,2.6778374676288042e-05,8.194333971972063e-06,0.7887881724293105
371,2.6778374676288042e-05,6.6473613813032315e-06,0.7882142272456945
372,1.90479040739384e-05,5.384350169176706e-06,0.7876402820620786
373,1.90479040739384e-05,7.010355430289608e-06,0.7870663368784625
374,1.4303717055398194e-05,5.683684778830949e-06,0.7864923916948465
375,1.4303717055398194e-05,4.601235359034339e-06,0.7859184465112306
376,1.057077038084961e-05,5.996289239446576e-06,0.7853445013276145
377,1.057077038084961e-05,7.784021567557495e-06,0.7847705561439986
378,7.2187495129798325e-06,1.0065916588996063e-05,0.7841966109603826
379,7.2187495129798325e-06,8.195675718999735e-06,0.7836226657767664
380,5.6238992489029095e-06,1.0583144803982827e-05,0.7830487205931507
381,5.6238992489029095e-06,1.361441640115764e-05,0.7824747754095346
382,3.6794092630627407e-06,1.744824432865341e-05,0.7819008302259184
383,3.6794092630627407e-06,1.4286893544044037e-05,0.7813268850423026
384,4.641357479745143e-06,1.1680842513894642e-05,0.7807529398586865
385,4.641357479745143e-06,9.53597819821796e-06,0.7801789946750706
386,7.312820932132222e-06,7.773479519122645e-06,0.7796050494914544
387,7.312820932132222e-06,1.0019585841767301e-05,0.7790311043078385
388,4.5812781437425655e-06,8.174876984878974e-06,0.7784571591242224
389,4.5812781437425655e-06,1.0522495790609983e-05,0.7778832139406064
390,3.448217661948895e-06,1.3494453480799795e-05,0.7773092687569902
391,3.448217661948895e-06,1.7242659703852373e-05,0.7767353235733745
392,4.100621134732515e-06,1.414598483028374e-05,0.7761613783897585
393,4.100621134732515e-06,1.158839170777922e-05,0.7755874332061427
394,3.34501779937795e-06,9.479347630149786e-06,0.7750134880225266
395,3.34501779937795e-06,7.74289320751652e-06,0.7744395428389106
396,3.294797130843111e-06,6.31541404883743e-06,0.7738655976552944
397,3.294797130843111e-06,5.143731690668126e-06,0.7732916524716785
398,3.0972396565555905e-06,4.183471878212343e-06,0.7727177072880625
399,3.0972396565555905e-06,5.412543907703841e-06,0.7721437621044466
400,2.888173545349773e-06,4.4058927282319e-06,0.7715698169208305
401,2.888173545349773e-06,3.581409406790956e-06,0.7709958717372146
402,2.1447437590836695e-06,2.90713800764924e-06,0.7704219265535982
403,2.1447437590836695e-06,2.356530110882931e-06,0.7698479813699823
404,1.3174609273561394e-06,1.9075679325562964e-06,0.7692740361863664
405,1.3174609273561394e-06,1.5420224312655865e-06,0.7687000910027504
406,1.6661989182238064e-06,1.2448269563482577e-06,0.7681261458191344
407,1.6661989182238064e-06,1.6302071041210696e-06,0.7675522006355184
408,2.2564717850378746e-06,1.3171631980823947e-06,0.7669782554519025
409,2.2564717850378746e-06,1.0627940641890286e-06,0.7664043102682865
410,1.8513899025798713e-06,8.563972223349752e-07,0.7658303650846705
411,1.8513899025798713e-06,6.891627932338513e-07,0.7652564199010544
412,1.0291926291676207e-06,5.538506326673923e-07,0.7646824747174384
413,1.0291926291676207e-06,4.4452024224190053e-07,0.7641085295338226
414,8.387272389814967e-07,3.5630527004716024e-07,0.7635345843502064
415,8.387272389814967e-07,2.852256017627207e-07,0.7629606391665904
416,1.089390099318758e-06,2.2803107306601503e-07,0.7623866939829743
417,1.089390099318758e-06,3.0348981537628517e-07,0.7618127487993583
418,8.613721932674556e-07,4.0245560548312087e-07,0.7612388036157425
419,8.613721932674556e-07,3.227359497556634e-07,0.7606648584321263
420,7.299927891584478e-07,2.5847464830917e-07,0.7600909132485104
421,7.299927891584478e-07,2.0674424927131775e-07,0.7595169680648944
422,5.896682028195503e-07,1.6515715971586674e-07,0.7589430228812784
423,5.896682028195503e-07,1.3176905608067225e-07,0.7583690776976624
424,4.7109627807482035e-07,1.7599028003190706e-07,0.7577951325140464
425,4.7109627807482035e-07,2.342096992556164e-07,0.7572211873304304
426,3.4876946656716123e-07,1.8742421392561643e-07,0.7566472421468143
427,3.4876946656716123e-07,1.4979607180785783e-07,0.7560732969631985
428,3.771726776585967e-07,1.1957284454687292e-07,0.7554993517795823
429,3.771726776585967e-07,1.595738210959951e-07,0.7549254065959663
430,2.2549622515589858e-07,2.122027550575308e-07,0.7543514614123503
431,2.2549622515589858e-07,2.8119788783396086e-07,0.7537775162287342
432,3.9552933983692555e-07,3.7132657792442365e-07,0.7532035710451183
433,3.9552933983692555e-07,2.9853918375370106e-07,0.7526296258615024
434,3.368876513088288e-07,3.936853936953902e-07,0.7520556806778864
435,3.368876513088288e-07,3.1677887269984657e-07,0.7514817354942702
436,4.3676924629411465e-07,2.545764957940312e-07,0.7509077903106544
437,4.3676924629411465e-07,3.359540251005546e-07,0.7503338451270383
438,3.5125913894834146e-07,2.702101989882883e-07,0.7497598999434223
439,3.5125913894834146e-07,3.561028040675584e-07,0.7491859547598063
440,4.062738857480195e-07,2.866515718791933e-07,0.7486120095761903
441,4.062738857480195e-07,2.3045904669875847e-07,0.7480380643925744
442,3.3274583448988785e-07,3.0393392736676415e-07,0.7474641192089583
443,3.3274583448988785e-07,2.445535104917899e-07,0.7468901740253424
444,3.9330447790388135e-07,1.965320529757792e-07,0.7463162288417263
445,3.9330447790388135e-07,2.5937413921966874e-07,0.7457422836581102
446,3.961771216845228e-07,3.4115978567050337e-07,0.7451683384744943
447,3.961771216845228e-07,2.749508719721962e-07,0.7445943932908784
448,4.0535424131087855e-07,2.2131916288054234e-07,0.7440204481072621
449,4.0535424131087855e-07,2.913145386009487e-07,0.7434465029236463
450,3.2836962709218306e-07,3.821742775075665e-07,0.7428725577400302
451,3.2836962709218306e-07,3.084968735951671e-07,0.7422986125564143
452,2.6640718994305375e-07,4.0419629112610486e-07,0.7417246673727983
453,2.6640718994305375e-07,5.27848335944305e-07,0.7411507221891823
454,2.1801139253790038e-07,4.272804016354152e-07,0.7405767770055662
455,2.1801139253790038e-07,5.57296356457048e-07,0.7400028318219503
456,2.652611855705157e-07,7.245251271935615e-07,0.7394288866383343
457,2.652611855705157e-07,5.881132370502254e-07,0.7388549414547181
458,1.4755292262498192e-07,4.7679811123496515e-07,0.7382809962711021
459,1.4755292262498192e-07,6.203489195192098e-07,0.7377070510874864
460,1.1268119118658036e-07,8.045417890121136e-07,0.73713310590387
461,1.1268119118658036e-07,1.0401164308432358e-06,0.7365591607202543
462,8.764779979928499e-08,1.3404348535590996e-06,0.7359852155366384
463,8.764779979928499e-08,1.0940280353466662e-06,0.7354112703530223
464,8.414658110625738e-08,8.918156606346917e-07,0.734837325169406
465,8.414658110625738e-08,1.1502441512166763e-06,0.7342633799857903
466,8.255713092113566e-08,9.383313318985351e-07,0.7336894348021742
467,8.255713092113566e-08,1.208840656651415e-06,0.7331154896185581
468,1.1122282601858089e-07,9.868529593077804e-07,0.7325415444349421
469,1.1122282601858089e-07,1.2698950747006873e-06,0.7319675992513262
470,6.568003046860149e-08,1.0374474855593316e-06,0.7313936540677101
471,6.568003046860149e-08,1.3334865840575502e-06,0.7308197088840942
472,8.274483844021279e-08,1.090183341833462e-06,0.7302457637004782
473,8.274483844021279e-08,8.901876580495158e-07,0.7296718185168619
474,4.1770551610679424e-08,7.26001858764472e-07,0.729097873333246
475,4.1770551610679424e-08,9.357253013262555e-07,0.7285239281496302
476,4.3153958945347417e-08,7.63689692789294e-07,0.7279499829660141
477,4.3153958945347417e-08,9.831893539947265e-07,0.7273760377823982
478,2.847248015496824e-08,8.030006175278681e-07,0.7268020925987823
479,2.847248015496824e-08,1.0326428980631015e-06,0.7262281474151664
480,1.8907694532269914e-08,8.439890576457598e-07,0.7256542022315501
481,1.8907694532269914e-08,1.0841503925337095e-06,0.7250802570479342
482,3.861264304198469e-08,8.867106723149186e-07,0.7245063118643182
483,3.861264304198469e-08,7.243616303279134e-07,0.723932366680702
484,3.700540228671544e-08,9.31222365649508e-07,0.7233584214970861
485,3.700540228671544e-08,1.1935920137372435e-06,0.7227844763134701
486,2.608232024447424e-08,1.5253572983130938e-06,0.7222105311298541
487,2.608232024447424e-08,1.2516620322927385e-06,0.7216365859462381
488,2.5655619888401744e-08,1.5978693959322184e-06,0.7210626407626222
489,2.5655619888401744e-08,2.0338757645723693e-06,0.7206117949241101
490,1.4305268240686072e-08,1.6732073751378905e-06,0.7201609490855979
491,1.4305268240686072e-08,1.3748508143137946e-06,0.7197101032470861
492,1.6769671010850027e-08,1.7514550919666877e-06,0.7192592574085739
493,1.6769671010850027e-08,1.4401139853012917e-06,0.718808411570062
494,1.0851163377585826e-08,1.8326979896266746e-06,0.71835756573155
495,1.0851163377585826e-08,1.507921675708401e-06,0.7179067198930379
496,9.997663853624842e-09,1.2392301588196222e-06,0.717455874054526
497,9.997663853624842e-09,1.5783496923220072e-06,0.7170050282160138
498,2.7193641165709105e-08,2.0045190740356584e-06,0.7165541823775019
499,2.7193641165709105e-08,1.6514752962768334e-06,0.7161033365389898
500,1.8217617444746403e-08,1.3590058054330873e-06,0.7156524907004778
501,1.8217617444746403e-08,1.727377209754279e-06,0.7152016448619658
502,1.421153399430079e-08,2.189386149296545e-06,0.7147507990234537
503,1.421153399430079e-08,2.7671635478421692e-06,0.7142999531849418
504,2.5861033654137532e-08,2.286942572907169e-06,0.7138491073464296
505,2.5861033654137532e-08,1.8878321967065905e-06,0.7133982615079175
506,1.4318224844979349e-08,2.3880404941979097e-06,0.7129474156694056
507,1.4318224844979349e-08,3.0123848289846103e-06,0.7124965698308935
508,2.8619593330268374e-08,2.4927766207836105e-06,0.7120457239923815
509,2.8619593330268374e-08,2.060373881579763e-06,0.7115948781538695
510,1.902767610803779e-08,2.601249286191802e-06,0.7111440323153574
511,1.902767610803779e-08,2.1513897318375606e-06,0.7106931864768454
512,8.203308213172214e-09,1.7772545579822498e-06,0.7102423406383334
513,8.203308213172214e-09,1.4664802974574266e-06,0.7097914947998214
514,4.439730772143603e-09,1.8563207741398114e-06,0.7093406489613092
515,4.439730772143603e-09,1.5326896045060619e-06,0.7088898031227971
516,5.135218665366223e-09,1.9382641378367266e-06,0.7084389572842854
517,5.135218665366223e-09,1.6013523281812414e-06,0.7079881114457732
518,4.211698804188793e-09,2.0231640043135663e-06,0.7075372656072614
519,4.211698804188793e-09,1.6725378243079042e-06,0.7070864197687492
520,3.5899846652723435e-09,1.3810913260430709e-06,0.7066355739302372
521,3.5899846652723435e-09,1.1391292018098348e-06,0.7061847280917251
522,2.6233681064991416e-09,9.384912881054451e-07,0.7057338822532131
523,2.6233681064991416e-09,1.1908613177772168e-06,0.7052830364147011
524,1.6494696115443659e-09,1.5070044487477526e-06,0.704832190576189
525,1.6494696115443659e-09,1.9019433806238455e-06,0.704381344737677
526,1.6875474589067965e-09,1.5734355472614216e-06,0.7039304988991649
527,1.6875474589067965e-09,1.3001915629892368e-06,0.703479653060653
528,1.931764945730672e-09,1.6422694060836611e-06,0.7030288072221411
529,1.931764945730672e-09,1.3579022863865632e-06,0.7025779613836288
530,1.830259063182232e-09,1.1215098077266809e-06,0.702127115545117
531,1.830259063182232e-09,1.4177202319940035e-06,0.7016762697066048
532,2.690325308469099e-09,1.1716287649167765e-06,0.7012254238680928
533,2.690325308469099e-09,9.67171155928354e-07,0.7007745780295808
534,2.1879530482074618e-09,1.2235948660687806e-06,0.7003237321910688
535,2.1879530482074618e-09,1.0106832992776218e-06,0.6998728863525567
536,3.156549552348473e-09,8.338917826876443e-07,0.6994220405140448
537,3.156549552348473e-09,6.872644267408932e-07,0.6989711946755327
538,3.521197515402407e-09,8.716563338222266e-07,0.6985203488370206
539,3.521197515402407e-09,7.188258513341407e-07,0.6980695029985087
540,2.3274984151347107e-09,5.92140711784649e-07,0.6976186571599967
541,2.3274984151347107e-09,7.515920436931145e-07,0.6971678113214845
542,2.317339224844348e-09,6.195078582489863e-07,0.6967169654829726
543,2.317339224844348e-09,5.100791031871539e-07,0.6962661196444604
544,2.517830080728881e-09,4.195238461329916e-07,0.6958152738059484
545,2.517830080728881e-09,3.4467240034931337e-07,0.6953644279674364
546,2.2731373060909575e-09,2.8287164854937666e-07,0.6949135821289244
547,2.2731373060909575e-09,2.3190371032148732e-07,0.6944627362904123
548,2.405126987524859e-09,2.965686755727143e-07,0.6940118904519003
549,2.405126987524859e-09,2.432817094118896e-07,0.6935610446133882
550,3.5254801375189697e-09,3.108240141714348e-07,0.6931101987748762
551,3.5254801375189697e-09,3.9608247036231305e-07,0.6926593529363643
552,3.2096649822970182e-09,3.256558343114472e-07,0.6922085070978523
553,3.2096649822970182e-09,4.1459716595228527e-07,0.69175766125934
554,2.556211368480688e-09,3.410827297915859e-07,0.6913068154208281
555,2.556211368480688e-09,2.8030556380997017e-07,0.6908559695823161
556,2.90168598129725e-09,3.571237232487295e-07,0.690405123743804
557,2.90168598129725e-09,2.936635457036522e-07,0.6899542779052922
558,2.5275348598091115e-09,3.73798271113833e-07,0.6895034320667799
559,2.5275348598091115e-09,3.075575362034177e-07,0.6890525862282681
560,2.5004878942386565e-09,3.9112626851687104e-07,0.688601740389756
561,2.5004878942386565e-09,3.220047138662117e-07,0.688150894551244
562,3.1675597059819176e-09,2.6481993855219946e-07,0.6877000487127318
563,3.1675597059819176e-09,3.370226521244623e-07,0.6872492028742199
564,1.9248731933720143e-09,2.773338764843706e-07,0.6867983570357079
565,1.9248731933720143e-09,3.5262932389316753e-07,0.6863475111971958
566,1.3399497083018551e-09,4.472365912450168e-07,0.6858966653586839
567,1.3399497083018551e-09,5.658038417415435e-07,0.6854458195201717
568,7.408220654115509e-10,4.673862807358783e-07,0.6849949736816596
569,7.408220654115509e-10,5.907791392418903e-07,0.6845441278431477
570,6.803846364458608e-10,4.882956437629645e-07,0.6840932820046356
571,6.803846364458608e-10,6.166738653533992e-07,0.6836424361661237
572,6.241813661655023e-10,7.7688092785293e-07,0.6831915903276117
573,6.241813661655023e-10,9.76305397956285e-07,0.6827407444890996
574,4.091108645732792e-10,8.100069912332321e-07,0.6822898986505875
575,4.091108645732792e-10,6.713284558090935e-07,0.6818390528120756
576,3.7915632625992757e-10,8.44305520407586e-07,0.6813882069735635
577,3.7915632625992757e-10,1.0592697774001281e-06,0.6809373611350515
578,4.797758305620628e-10,1.3257507435266256e-06,0.6804865152965395
579,4.797758305620628e-10,1.6552799581063704e-06,0.6800356694580273
580,6.433029635050843e-10,1.3792382962972271e-06,0.6795848236195153
581,6.433029635050843e-10,1.1480201526224145e-06,0.6791339777810034
582,9.29855643890207e-10,9.545620302911138e-07,0.6786831319424913
583,9.29855643890207e-10,1.1946612840990083e-06,0.6782322861039793
584,1.513254108226515e-09,9.9387957314437e-07,0.6777814402654674
585,1.513254108226515e-09,8.259810427640659e-07,0.6773305944269552
586,1.0710714987275265e-09,1.0345371938987347e-06,0.6768797485884432
587,1.0710714987275265e-09,1.2926737225993644e-06,0.6764289027499311
588,1.3361953736070588e-09,1.0765702507451851e-06,0.6759780569114191
589,1.3361953736070588e-09,1.3441263837830301e-06,0.6755272110729071
590,2.3548292347413433e-09,1.674229826298166e-06,0.6750763652343952
591,2.3548292347413433e-09,2.080525064173748e-06,0.674625519395883
592,1.7628442373561657e-09,1.7390656472096815e-06,0.6741746735573709
593,1.7628442373561657e-09,2.1594372616467456e-06,0.673723827718859
594,2.041284434642459e-09,2.675212867194282e-06,0.6732729818803469
595,2.041284434642459e-09,2.240793446577598e-06,0.6728221360418349
596,1.6560659095911778e-09,1.874961789570289e-06,0.6723712902033228
597,1.6560659095911778e-09,1.5672278034713225e-06,0.6719204443648108
598,1.414466767750175e-09,1.308648260584939e-06,0.6714695985262988
599,1.414466767750175e-09,1.0916082668574237e-06,0.6710187526877868
600,1.5246415612752606e-09,9.09632045960011e-07,0.6705679068492748
601,1.5246415612752606e-09,7.572193541354757e-07,0.6701170610107627
602,1.7986820920454905e-09,6.297042656129739e-07,0.6696662151722509
603,1.7986820920454905e-09,5.231334499044327e-07,0.6692153693337387
604,9.298709829236806e-10,6.556354194515796e-07,0.6687645234952266
605,9.298709829236806e-10,5.449613509354889e-07,0.6683136776567145
606,9.792138780422267e-10,6.824561351491111e-07,0.6678628318182025
607,9.792138780422267e-10,5.675500530411581e-07,0.6674119859796905
608,8.864929883346308e-10,4.715176785531907e-07,0.6669611401411786
609,8.864929883346308e-10,5.909204346842462e-07,0.6665102943026665
610,8.266640978400058e-10,7.388623310999743e-07,0.6660594484641544
611,8.266640978400058e-10,6.150937717279326e-07,0.6656086026256424
612,7.32237218648119e-10,5.115464006094388e-07,0.6651577567871305
613,7.32237218648119e-10,4.250074352307147e-07,0.6647069109486183
614,7.014423008041994e-10,3.527586702206106e-07,0.6642560651101065
615,7.014423008041994e-10,2.925030614340332e-07,0.6638052192715942
616,6.807942007583481e-10,2.4230175140382306e-07,0.6633543734330823
617,6.807942007583481e-10,2.0052012626780956e-07,0.6629035275945705
618,6.090938998110094e-10,1.6578167255639074e-07,0.6624526817560583
619,6.090938998110094e-10,1.3692855987368053e-07,0.6620018359175462
620,5.046656939682654e-10,1.129880146115086e-07,0.6615509900790342
621,5.046656939682654e-10,1.430867495909485e-07,0.6611001442405222
622,6.301367038656472e-10,1.1813169993436671e-07,0.66064929840201
623,6.301367038656472e-10,1.494804150270466e-07,0.6601984525634979
624,9.582823091941057e-10,1.2347492123651642e-07,0.6597476067249861
625,9.582823091941057e-10,1.5611686402437923e-07,0.6592967608864739
626,1.4190354238232197e-09,1.2902398415878712e-07,0.6588459150479619
627,1.4190354238232197e-09,1.0653092837470705e-07,0.6583950692094499
628,9.056606815118066e-10,1.3478534329929848e-07,0.6579442233709378
629,9.056606815118066e-10,1.1134571591609869e-07,0.657493377532426
630,5.387779017864544e-10,9.189490530621835e-08,0.6570425316939138
631,5.387779017864544e-10,7.577016134930917e-08,0.6565916858554018
632,8.5686188283506e-10,6.241595387249445e-08,0.6561408400168897
633,8.5686188283506e-10,5.1367140999241404e-08,0.6556899941783778
634,9.213330760142536e-10,4.223469005645678e-08,0.6552391483398659
635,9.213330760142536e-10,5.3785772494731956e-08,0.6547883025013538
636,1.0322209726226545e-09,4.4246491698400435e-08,0.6543374566628417
637,1.0322209726226545e-09,3.6365265177017025e-08,0.6538866108243295
638,1.1169251257257921e-09,2.986021231350556e-08,0.6534357649858176
639,1.1169251257257921e-09,3.810645648191496e-08,0.6529849191473056
640,8.437922708185425e-10,4.8520494959720046e-08,0.6525340733087935
641,8.437922708185425e-10,3.9919555593489725e-08,0.6520832274702816
642,6.625339507962571e-10,3.2812973341245916e-08,0.6516323816317695
643,6.625339507962571e-10,2.694676214563233e-08,0.6511815357932574
644,5.899399723110144e-10,2.210906635292381e-08,0.6507306899547454
645,5.899399723110144e-10,1.8123359949482775e-08,0.6502798441162334
646,4.6979670433372e-10,1.4842710214409674e-08,0.6498289982777214
647,4.6979670433372e-10,1.2144945022838423e-08,0.6493781524392093
648,5.180973481768435e-10,9.92858631562498e-09,0.6489273066006975
649,5.180973481768435e-10,1.2759045207890522e-08,0.6484764607621851
650,1.0134867772803986e-09,1.6359658072569017e-08,0.6480256149236733
651,1.0134867772803986e-09,1.340019771961635e-08,0.6475747690851612
652,8.221007745575251e-10,1.0966266729334726e-08,0.6471239232466492
653,8.221007745575251e-10,1.4069408083412479e-08,0.6466730774081373
654,7.725597578086612e-10,1.80105241720335e-08,0.6462222315696252
655,7.725597578086612e-10,1.4767711688159165e-08,0.6457713857311131
656,9.428395627136906e-10,1.2097949561330384e-08,0.6453205398926013
657,9.428395627136906e-10,9.902017096405853e-09,0.6448696940540891
658,1.2267925268750245e-09,8.097492051298187e-09,0.6444188482155772
659,1.2267925268750245e-09,1.0401187807085277e-08,0.6439680023770649
660,1.0934409866254724e-09,1.3330783435273808e-08,0.6435171565385529
661,1.0934409866254724e-09,1.0922320771873104e-08,0.6430663107000408
662,2.0568179400117988e-09,8.941084593756849e-09,0.6426154648615289
663,2.0568179400117988e-09,1.1466233519405101e-08,0.6421646190230169
664,2.182095474407732e-09,1.4672349202382503e-08,0.6417137731845047
665,2.182095474407732e-09,1.203376800872039e-08,0.6412629273459929
666,1.9630978619149636e-09,9.860994255563743e-09,0.6408120815074808
667,1.9630978619149636e-09,1.262579115496323e-08,0.6403612356689686
668,1.7583052368153672e-09,1.0351370591038711e-08,0.6399103898304568
669,1.7583052368153672e-09,8.479227951572733e-09,0.6394595439919446
670,1.0158254346583397e-09,6.93961741532474e-09,0.6390086981534326
671,1.0158254346583397e-09,5.6746237119523946e-09,0.6385578523149207
672,9.273659369334888e-10,4.6362034268658895e-09,0.6381070064764086
673,9.273659369334888e-10,3.784541910726956e-09,0.6376561606378967
674,7.91229633090862e-10,3.086676483321022e-09,0.6372053147993846
675,7.91229633090862e-10,3.9817096177029205e-09,0.6367544689608725
676,6.048784364075711e-10,3.2491479144625187e-09,0.6363036231223604
677,6.048784364075711e-10,2.649100010094723e-09,0.6358527772838485
678,3.280156590647316e-10,2.158031187576862e-09,0.6354019314453364
679,3.280156590647316e-10,1.756503748239733e-09,0.6349510856068245
680,2.588233703693607e-10,2.2732644477360834e-09,0.6345002397683126
681,2.588233703693607e-10,2.9356849002156595e-09,0.6340493939298004
682,2.524996605611417e-10,3.782961251258682e-09,0.6335985480912882
683,2.524996605611417e-10,3.089027977505947e-09,0.6331477022527763
684,1.2956182870546423e-10,3.977396362992132e-09,0.6326968564142642
685,1.2956182870546423e-10,5.110307035746979e-09,0.6322460105757522
686,1.3433399585607383e-10,4.1806208112484795e-09,0.6317951647372401
687,1.3433399585607383e-10,5.367220083219193e-09,0.631344318898728
688,1.3147543063828408e-10,4.392974622350939e-09,0.6308934730602161
689,1.3147543063828408e-10,3.5925255329143913e-09,0.6304426272217041
690,1.1749848829727045e-10,2.9354479704466913e-09,0.6299917813831921
691,1.1749848829727045e-10,2.396534773887119e-09,0.62954093554468
692,3.0149051838346233e-10,1.954921713846024e-09,0.6290900897061681
693,3.0149051838346233e-10,1.5933557439783918e-09,0.628639243867656
694,3.0083071445453344e-10,2.0577229083025697e-09,0.628188398029144
695,3.0083071445453344e-10,2.651801786398187e-09,0.6277375521906319
696,3.250662934430883e-10,3.4101967752099635e-09,0.6272867063521199
697,3.250662934430883e-10,4.37629111379191e-09,0.6268358605136078
698,2.9385198019985976e-10,3.582910594006719e-09,0.6263850146750959
699,2.9385198019985976e-10,2.9309097912111333e-09,0.6259341688365838
700,1.4625672561956834e-10,2.395560163344147e-09,0.6254833229980716
701,1.4625672561956834e-10,1.956371348599984e-09,0.6250324771595597
702,1.819760440676208e-10,1.5963808544588907e-09,0.6245816313210477
703,1.819760440676208e-10,1.3015598733979554e-09,0.6241307854825358
704,1.2995530081368626e-10,1.6800477757341484e-09,0.6236799396440236
705,1.2995530081368626e-10,1.3704486352789348e-09,0.6232290938055116
706,1.167513453699587e-10,1.1169871328495863e-09,0.6227782479669995
707,1.167513453699587e-10,9.096603275733115e-10,0.6223274021284875
708,1.5012121077895103e-10,7.402141949428418e-10,0.6218765562899756
709,1.5012121077895103e-10,6.018441203408026e-10,0.6214257104514634
710,1.634796693236299e-10,4.889455239660239e-10,0.6209748646129514
711,1.634796693236299e-10,3.9690643742012737e-10,0.6205240187744394
712,1.4858858392246126e-10,3.21935148984198e-10,0.6200731729359275
713,1.4858858392246126e-10,2.6091713248892985e-10,0.6196223270974154
714,1.7166519368928658e-10,3.40048810851732e-10,0.6191714812589033
715,1.7166519368928658e-10,4.422552263888401e-10,0.6187206354203914
716,7.010920034164043e-11,3.590732442138979e-10,0.6182697895818792
717,7.010920034164043e-11,2.9130495005082326e-10,0.6178189437433673
718,1.4313525460417468e-10,3.790485504528758e-10,0.617368097904855
719,1.4313525460417468e-10,3.076617061627329e-10,0.6169172520663432
720,1.1871732507208998e-10,2.4952182370050773e-10,0.6164664062278312
721,1.1871732507208998e-10,3.248397022713374e-10,0.6160155603893192
722,9.384321877562251e-11,2.63582983320134e-10,0.6155647145508072
723,9.384321877562251e-11,2.1370950884543249e-10,0.615113868712295
724,8.007917472190509e-11,1.731369878662293e-10,0.6146630228737829
725,8.007917472190509e-11,1.4015762203143893e-10,0.6142121770352711
726,8.794237495464021e-11,1.8301823282566792e-10,0.6137613311967589
727,8.794237495464021e-11,1.482294675695651e-10,0.613310485358247
728,5.57353923730926e-11,1.1996022615582008e-10,0.6128596395197349
729,5.57353923730926e-11,9.700717091355939e-11,0.6124087936812229
730,5.6033449395142653e-11,7.83854638771664e-11,0.611957947842711
731,5.6033449395142653e-11,6.328978864185276e-11,0.611507102004199
732,3.279136425493016e-11,8.299670368652137e-11,0.6110562561656867
733,3.279136425493016e-11,1.0861628126162255e-10,0.6106054103271747
734,4.898393530473899e-11,8.78521773595002e-11,0.6101545644886628
735,4.898393530473899e-11,7.100309268788455e-11,0.6097037186501508
736,4.3600319772688164e-11,9.296333016555466e-11,0.6092528728116388
737,4.3600319772688164e-11,1.2146740141193304e-10,0.6088020269731267
738,2.9215713366543166e-11,9.834206996233035e-11,0.6083511811346146
739,2.9215713366543166e-11,1.283948036694718e-10,0.6079003352961027
740,2.810919055106845e-11,1.6729243825539648e-10,0.6074494894575906
741,2.810919055106845e-11,1.356771615313853e-10,0.6069986436190784
742,2.2781650205688315e-11,1.0995234814267321e-10,0.6065477977805666
743,2.2781650205688315e-11,8.903706717096469e-11,0.6060969519420545
744,2.1440648959924355e-11,1.1621015643978835e-10,0.6056461061035426
745,2.1440648959924355e-11,1.5137154762632271e-10,0.6051952602650305
746,1.1091069355170109e-11,1.967773112859081e-10,0.6047444144265184
747,1.1091069355170109e-11,2.552936787723579e-10,0.6042935685880064
748,5.831634870328101e-12,2.075995643842092e-10,0.6038427227494945
749,5.831634870328101e-12,2.691323331783387e-10,0.6033918769109824
750,6.524374556440912e-12,3.4821415401603866e-10,0.6029410310724701
751,6.524374556440912e-12,2.836423994831379e-10,0.6024901852339581
752,6.839601279176717e-12,3.667170936426391e-10,0.6020393393954462
753,6.839601279176717e-12,4.731937680736973e-10,0.6015884935569342
754,5.0766374143878e-12,3.860985367712608e-10,0.6011376477184223
755,5.0766374143878e-12,3.147921456246084e-10,0.6006868018799101
756,6.807825681326501e-12,4.0639499845838284e-10,0.600235956041398
757,6.807825681326501e-12,5.236328811935184e-10,0.5997851102028862
758,8.521314623566068e-12,4.276442819219151e-10,0.5993342643643741
759,8.521314623566068e-12,5.506165742165644e-10,0.598883418525862
760,5.918515203923055e-12,7.075816585106014e-10,0.59843257268735
761,5.918515203923055e-12,9.075446861382286e-10,0.5979817268488381
762,4.531236778829653e-12,1.1617885897157052e-09,0.597530881010326
763,4.531236778829653e-12,9.527215365283319e-10,0.597080035171814
764,3.272647435555766e-12,7.806747587093041e-10,0.5966291893333018
765,3.272647435555766e-12,6.392059195416048e-10,0.5961783434947897
766,3.677712038393593e-12,8.196943705743416e-10,0.5957274976562779
767,3.677712038393593e-12,6.714530895718628e-10,0.5952766518177659
768,3.9908760856791495e-12,5.496009822515297e-10,0.5948258059792537
769,3.9908760856791495e-12,7.051489462755098e-10,0.5943749601407418
770,3.075633483961633e-12,5.774379051897862e-10,0.5939241143022296
771,3.075633483961633e-12,7.403501886812359e-10,0.5934732684637177
772,2.0782015740971908e-12,9.474312668906347e-10,0.5930224226252057
773,2.0782015740971908e-12,7.771153849996001e-10,0.5925715767866936
774,1.2886232988592296e-12,6.369312829001872e-10,0.5921207309481815
775,1.2886232988592296e-12,8.155050215481052e-10,0.5916698851096697
776,1.3087062460669535e-12,6.686883610153672e-10,0.5912190392711575
777,1.3087062460669535e-12,5.4788794245995e-10,0.5907681934326453
778,1.3276259764330221e-12,4.485715788734231e-10,0.5903173475941335
779,1.3276259764330221e-12,5.753145102453611e-10,0.5898665017556214
780,1.0735108629348523e-12,4.712325948539284e-10,0.5894156559171094
781,1.0735108629348523e-12,6.039648975703937e-10,0.5889648100785974
782,1.196109414967463e-12,7.726403566841229e-10,0.5885139642400852
783,1.196109414967463e-12,6.338867461573595e-10,0.5880631184015733
784,1.1351492839647975e-12,5.196598191116845e-10,0.5876122725630613
785,1.1351492839647975e-12,6.651292632661932e-10,0.5871614267245493
786,1.024317161792645e-12,8.49743713089806e-10,0.5867105808860372
787,1.024317161792645e-12,1.083597743903875e-09,0.5862597350475253
788,1.3021926670818724e-12,1.3792712342424444e-09,0.5858088892090132
789,1.3021926670818724e-12,1.752410848783409e-09,0.585358043370501
790,1.1077956499483187e-12,1.444039890702495e-09,0.584907197531989
791,1.1077956499483187e-12,1.189033584499297e-09,0.584456351693477
792,1.2631522226527203e-12,9.783221234350095e-10,0.584005505854965
793,1.2631522226527203e-12,1.245106930774718e-09,0.5835546600164531
794,1.0737220883815073e-12,1.0248896044984287e-09,0.583103814177941
795,1.0737220883815073e-12,8.429889484520799e-10,0.5826529683394289
796,8.639706905842531e-13,6.92854695942457e-10,0.5822021225009169
797,8.639706905842531e-13,5.69035118751838e-10,0.5817512766624048
798,1.1022566682435577e-12,4.669966059241436e-10,0.5813004308238929
799,1.1022566682435577e-12,3.829721994211054e-10,0.580849584985381
800,1.0759447787852456e-12,3.138345568869888e-10,0.5803987391468688
801,1.0759447787852456e-12,4.0195511250356357e-10,0.5799478933083567
802,7.699428173097588e-13,5.138829869920706e-10,0.5794970474698448
803,7.699428173097588e-13,4.2177862129309347e-10,0.5790462016313327
804,7.501088486793247e-13,5.38873077715694e-10,0.5785953557928207
805,7.501088486793247e-13,4.4247530028211466e-10,0.5781445099543085
806,8.685949899072198e-13,3.6305520578104604e-10,0.5776936641157965
807,8.685949899072198e-13,2.9767234905196607e-10,0.5772428182772845
808,9.422700699891822e-13,2.4388641400781617e-10,0.5767919724387724
809,9.422700699891822e-13,1.996738082915777e-10,0.5763411266002605
810,6.303928362553238e-13,2.561160654224292e-10,0.5758902807617485
811,6.303928362553238e-13,2.0977474524315112e-10,0.5754394349232366
812,5.327279889030563e-13,2.6889497705014525e-10,0.5749885890847246
813,5.327279889030563e-13,2.2033383132846892e-10,0.5745377432462122
814,4.1303127253687695e-13,1.8041217864932745e-10,0.5740868974077002
815,4.1303127253687695e-13,2.3136934416477857e-10,0.5736360515691883
816,4.513840698502259e-13,1.8952747587729332e-10,0.5731852057306763
817,4.513840698502259e-13,1.5514083760912325e-10,0.5727343598921645
818,2.3129156783703753e-13,1.2690208061949994e-10,0.5722835140536522
819,2.3129156783703753e-13,1.0372921098977786e-10,0.5718326682151402
820,1.7291649630606433e-13,1.3339348353685595e-10,0.571381822376628
821,1.7291649630606433e-13,1.7123449541275307e-10,0.5709309765381162
822,2.099094559753873e-13,2.1941887720714192e-10,0.5704801306996041
823,2.099094559753873e-13,2.806633943764865e-10,0.5700292848610921
824,2.547655288026473e-13,3.583682861652804e-10,0.5695784390225801
825,2.547655288026473e-13,2.9437763164352124e-10,0.569127593184068
826,2.337009369110808e-13,3.756408622494959e-10,0.5686767473455561
827,2.337009369110808e-13,4.784960358585795e-10,0.568225901507044
828,5.130046987186858e-13,3.9365756477474277e-10,0.5677750556685319
829,5.130046987186858e-13,3.2362851879492484e-10,0.56732420983002
830,6.230008261703559e-13,4.124464680936742e-10,0.5668733639915078
831,6.230008261703559e-13,3.3921195350110503e-10,0.5664225181529958
832,6.414919011316127e-13,2.7878155207284443e-10,0.5659716723144836
833,6.414919011316127e-13,3.5546651212394135e-10,0.5655208264759718
834,6.023951251092605e-13,4.524576939273416e-10,0.5650699806374597
835,6.023951251092605e-13,3.724175272116168e-10,0.5646191347989478
836,4.817977678491562e-13,4.737407545588196e-10,0.5641682889604358
837,4.817977678491562e-13,3.900911441648756e-10,0.5637174431219235
838,6.808962030047694e-13,4.959175398975113e-10,0.5632665972834116
839,6.808962030047694e-13,6.293688455965361e-10,0.5628157514448996
840,4.907805003057722e-13,5.190208567552475e-10,0.5623649056063875
841,4.907805003057722e-13,4.277149562183836e-10,0.5619140597678756
842,4.584786332372352e-13,5.430845314913537e-10,0.5614632139293635
843,4.584786332372352e-13,6.883949407078568e-10,0.5610123680908515
844,8.215907930635938e-13,5.681434353957756e-10,0.5605615222523396
845,8.215907930635938e-13,7.197264868459342e-10,0.5601106764138274
846,1.013508285511391e-12,9.102053780043215e-10,0.5596598305753154
847,1.013508285511391e-12,7.523279953046451e-10,0.5592089847368034
848,8.569698937038048e-13,6.213917959701634e-10,0.5587581388982914
849,8.569698937038048e-13,5.128794343610269e-10,0.5583072930597792
850,1.0813394533089008e-12,4.230167261628283e-10,0.5578564472212673
851,1.0813394533089008e-12,3.486529015226196e-10,0.5574056013827553
852,6.866269149143525e-13,2.8715971746514023e-10,0.5569547555442433
853,6.866269149143525e-13,3.6493665951402347e-10,0.5565039097057312
854,6.680129815484792e-13,4.62995829908381e-10,0.5560530638672191
855,6.680129815484792e-13,3.8190042984531e-10,0.555602218028707
856,6.670398029105716e-13,4.842294266650259e-10,0.5551513721901952
857,6.670398029105716e-13,3.99569091103566e-10,0.5547005263516831
858,5.502739314445715e-13,3.294792839189315e-10,0.554249680513171
859,5.502739314445715e-13,4.1796829504694235e-10,0.553798834674659
860,7.265879061212004e-13,5.293356822666582e-10,0.553347988836147
861,7.265879061212004e-13,4.371244859689125e-10,0.5528971429976349
862,4.625145303118807e-13,5.532715035284044e-10,0.5524462971591231
863,4.625145303118807e-13,4.570649204123299e-10,0.551995451320611
864,3.727143876973348e-13,3.7732365176455913e-10,0.5515446054820989
865,3.727143876973348e-13,3.112774728453869e-10,0.5510937596435869
866,5.940801244222113e-13,3.946059811428327e-10,0.5506429138050748
867,5.940801244222113e-13,4.994117280385728e-10,0.5501920679665628
868,8.393127741587955e-13,4.1259581836983375e-10,0.5497412221280509
869,8.393127741587955e-13,5.21876857937722e-10,0.5492903762895387
870,8.714766250198404e-13,6.590149109860181e-10,0.5488395304510266
871,8.714766250198404e-13,5.452437867158832e-10,0.5483886846125147
872,7.39863928247962e-13,4.508002331170882e-10,0.5479378387740026
873,7.39863928247962e-13,5.695441403272284e-10,0.5474869929354905
874,4.098646532586348e-13,4.710678668260303e-10,0.5470361470969786
875,4.098646532586348e-13,3.8934875919281716e-10,0.5465853012584666
876,2.6857971260967665e-13,4.921491588673872e-10,0.5461344554199545
877,2.6857971260967665e-13,4.0692506526905704e-10,0.5456836095814426
878,3.477211219339213e-13,5.140726714738647e-10,0.5452327637429304
879,3.477211219339213e-13,4.252104708641448e-10,0.5447819179044184
880,2.6391423607189393e-13,3.5146673809457884e-10,0.5443310720659065
881,2.6391423607189393e-13,2.903128778760995e-10,0.5438802262273944
882,1.674804946412064e-13,3.6732426795232636e-10,0.5434293803888824
883,1.674804946412064e-13,4.6400951069628287e-10,0.5429785345503702
884,1.459937337006258e-13,3.8382159187473705e-10,0.5425276887118583
885,1.459937337006258e-13,4.845755043638352e-10,0.5420768428733462
886,1.536960168570947e-13,6.107903188063771e-10,0.5416259970348343
887,1.536960168570947e-13,7.686417658880323e-10,0.5411751511963222
888,2.2481108147346768e-13,9.65738315210469e-10,0.5407243053578102
889,2.2481108147346768e-13,8.016653846006867e-10,0.5402734595192982
890,2.508950885973002e-13,6.650094317368138e-10,0.539822613680786
891,2.508950885973002e-13,5.512700662678639e-10,0.539371767842274
892,1.56310603579835e-13,6.937021498895452e-10,0.5389209220037621
893,1.56310603579835e-13,8.715437324897005e-10,0.53847007616525
894,1.0899950111865428e-13,1.0932394802615003e-09,0.538019230326738
895,1.0899950111865428e-13,9.0848374504612e-10,0.5375683844882257
896,8.532964397208425e-14,1.1389616838482826e-09,0.5371175386497139
897,8.532964397208425e-14,9.468164944104697e-10,0.5366666928112018
898,9.789137055556109e-14,7.865473751206588e-10,0.5362158469726899
899,9.789137055556109e-14,6.529609989961205e-10,0.5357650011341779
900,7.375592116723903e-14,8.198781826342858e-10,0.5353141552956657
901,7.375592116723903e-14,6.808737790763088e-10,0.5348633094571539
902,6.836032499177869e-14,5.650520052452141e-10,0.5344124636186416
903,6.836032499177869e-14,7.098498673534287e-10,0.5339616177801297
904,1.4732755825550673e-13,8.903527786509393e-10,0.5335107719416178
905,1.4732755825550673e-13,1.1150071700607685e-09,0.5330599261031057
906,1.81223552945577e-13,1.394169324826204e-09,0.5326090802645937
907,1.81223552945577e-13,1.1610141246380003e-09,0.5321582344260815
908,1.4020964589670013e-13,9.661922650669745e-10,0.5317073885875696
909,1.4020964589670013e-13,8.035160952000826e-10,0.5312565427490575
910,8.834225201381422e-14,6.677770222961667e-10,0.5308056969105455
911,8.834225201381422e-14,8.371085620829679e-10,0.5303548510720335
912,8.236915011889512e-14,6.959386768637111e-10,0.5299040052335214
913,8.236915011889512e-14,5.781855740693075e-10,0.5294531593950095
914,1.442632245089129e-13,7.251585898359822e-10,0.5290023135564973
915,1.442632245089129e-13,6.026724246201771e-10,0.5285514677179853
916,1.4595765965986002e-13,7.554714278379621e-10,0.5281006218794734
917,1.4595765965986002e-13,9.45548940074932e-10,0.5276497760409613
918,1.256705856675594e-13,1.1816301227222277e-09,0.5271989302024492
919,1.256705856675594e-13,1.4743920766040798e-09,0.5267480843639372
920,1.5707332708161872e-13,1.2295328977380455e-09,0.5262972385254252
921,1.5707332708161872e-13,1.533379076496084e-09,0.5258463926869132
922,1.0860138659440282e-13,1.909400608921104e-09,0.5253955468484011
923,1.0860138659440282e-13,1.5944586068024437e-09,0.5249447010098891
924,1.4628562438687787e-13,1.3305654038510947e-09,0.5244938551713771
925,1.4628562438687787e-13,1.1096010603735146e-09,0.5240430093328652
926,1.9419266656121876e-13,9.247110064030889e-10,0.523592163494353
927,1.9419266656121876e-13,1.154390351088135e-09,0.5231413176558409
928,2.071671945613453e-13,9.623644784369002e-10,0.522690471817329
929,2.071671945613453e-13,1.2007857016653752e-09,0.5222396259788169
930,1.4532049209853213e-13,1.0013815385540142e-09,0.5217887801403049
931,1.4532049209853213e-13,8.345333655036637e-10,0.5213379343017929
932,1.4789185275219706e-13,6.950223003273748e-10,0.5208870884632807
933,1.4789185275219706e-13,8.685154749271225e-10,0.5204362426247687
934,1.299989085499599e-13,7.235688655826805e-10,0.5199853967862567
935,1.299989085499599e-13,6.024129088384961e-10,0.5195345509477448
936,6.673538107314733e-14,7.531600541357885e-10,0.5190837051092327
937,6.673538107314733e-14,9.402129224054834e-10,0.5186328592707207
938,6.827255067864631e-14,7.838291822623974e-10,0.5181820134322085
939,6.827255067864631e-14,6.530243446878158e-10,0.5177311675936966
940,5.378326512131679e-14,5.43689431295428e-10,0.5172803217551847
941,5.378326512131679e-14,6.797303864646203e-10,0.5168294759166725
942,7.38571750592086e-14,8.485390172967123e-10,0.5163786300781605
943,7.38571750592086e-14,7.074098875106867e-10,0.5159277842396485
944,1.059813088724667e-13,5.893654138950476e-10,0.5154769384011365
945,1.059813088724667e-13,7.360937910146215e-10,0.5150260925626245
946,1.1410209632590769e-13,6.134679318124363e-10,0.5145752467241124
947,1.1410209632590769e-13,5.109353353922741e-10,0.5141244008856004
948,7.17368764292206e-14,4.252616347837847e-10,0.5136735550470883
949,7.17368764292206e-14,3.5372315494853374e-10,0.5132227092085763
950,8.133572979935305e-14,2.9402795317184147e-10,0.5127718633700642
951,8.133572979935305e-14,2.44248788985343e-10,0.5123210175315522
952,6.685553476796252e-14,3.0641151538429587e-10,0.5118701716930403
953,6.685553476796252e-14,2.5462150455210815e-10,0.5114193258545282
954,1.4586316236881405e-13,2.114486251359333e-10,0.5109684800160162
955,1.4586316236881405e-13,1.754830823992127e-10,0.5105176341775041
956,1.2617843220929215e-13,2.2046455929081032e-10,0.5100667883389921
957,1.2617843220929215e-13,1.8302711553255796e-10,0.5096159425004801
958,1.5448161576536404e-13,1.5184965031350082e-10,0.5091650966619682
959,1.5448161576536404e-13,1.2590259277030548e-10,0.508714250823456
960,3.0637866469152793e-13,1.5840347247733344e-10,0.508263404984944
961,3.0637866469152793e-13,1.313807970372474e-10,0.5078125591464319
962,1.740646186460963e-13,1.0889870044826293e-10,0.5073617133079199
963,1.740646186460963e-13,9.020651643632871e-11,0.506910867469408
964,1.596795586863288e-13,1.1365540582728766e-10,0.5064600216308959
965,1.596795586863288e-13,9.417847944958039e-11,0.5060091757923838
966,1.6844525604951686e-13,7.798996791478743e-11,0.5055583299538718
967,1.6844525604951686e-13,9.830802207714439e-11,0.5051074841153598
968,7.167728434217186e-14,8.143707098732887e-11,0.5046566382768478
969,7.167728434217186e-14,6.741893605622391e-11,0.5042057924383357
970,7.074315009284067e-14,5.5778777695295154e-11,0.5037549465998237
971,7.074315009284067e-14,4.611946120379049e-11,0.5033041007613117
972,8.910434691419247e-14,5.827306963693683e-11,0.5028532549227996
973,8.910434691419247e-14,4.819805994720964e-11,0.5024024090842876
974,1.1603517416975673e-13,3.9840098812136885e-11,0.5019515632457756
975,1.1603517416975673e-13,3.291101077746749e-11,0.5024658723037266
976,8.200315064957872e-14,4.164226037749585e-11,0.5029801813616774
977,8.200315064957872e-14,5.261236460887379e-11,0.5034944904196286
978,7.5530402915681e-14,6.63748975609176e-11,0.5040087994775797
979,7.5530402915681e-14,5.495430213729262e-11,0.5045231085355306
980,1.0860156252756604e-13,4.547047976432131e-11,0.5050374175934818
981,1.0860156252756604e-13,5.739041423764636e-11,0.5055517266514327
982,1.0686355593587564e-13,4.7501993053579627e-11,0.5060660357093838
983,1.0686355593587564e-13,3.9293014572580316e-11,0.5065803447673348
984,1.0417867553493342e-13,4.9615556355301524e-11,0.5070946538252858
985,1.0417867553493342e-13,4.105497342827559e-11,0.5076089628832369
986,1.5655962159762055e-13,3.3950467731249195e-11,0.5081232719411879
987,1.5655962159762055e-13,2.805812103600564e-11,0.508637580999139
988,1.5124661633192608e-13,2.317421328178689e-11,0.50915189005709
989,1.5124661633192608e-13,1.9128713489591405e-11,0.5096661991150411
990,1.3524349133109507e-13,1.5779804728803634e-11,0.5101805081729921
991,1.3524349133109507e-13,2.0009584330746468e-11,0.5106948172309431
992,1.1881044423305816e-13,1.6511978936794572e-11,0.511209126288894
993,1.1881044423305816e-13,1.3617465687350515e-11,0.5117234353468453
994,1.0021729014674712e-13,1.1223551483708495e-11,0.5122377444047961
995,1.0021729014674712e-13,9.244893425568808e-12,0.5127520534627472
996,8.646552970109213e-14,1.175004619541908e-11,0.5132663625206983
997,8.646552970109213e-14,1.4912347820268007e-11,0.5137806715786493
998,6.914149839346662e-14,1.8898322350436648e-11,0.5142949806366004
999,6.914149839346662e-14,1.5601047092481087e-11,0.5148092896945513
