method;pollution;param;p
dlla9;gauss;0;2.1206494031522783e-14
dlla2;gauss;0;1.8642056081054653e-11
dlla9;gauss;2;5.563395663967053e-06
dlla2;gauss;2;0.0015128485461268382
dlla9;gauss;4;0.00040359464544016205
dlla2;gauss;4;0.016635381483503804
dlla9;gauss;6;0.05176376728961146
dlla2;gauss;6;0.013733042089978564
dlla9;gauss;8;0.18197386210064784
dlla2;gauss;8;0.29729369131626104
dlla9;gauss;10;0.604608651757663
dlla2;gauss;10;0.7530936565896136
dlla9;gauss;12;0.5015734047567254
dlla2;gauss;12;0.38052038024011203
dlla9;gauss;14;0.9715014092756515
dlla2;gauss;14;0.29729369131626104
dlla9;gauss;16;0.3251136947399148
dlla2;gauss;16;0.09809443413738511
dlla9;gauss;18;0.4262350058605303
dlla2;gauss;18;0.5
dlla9;gauss;20;0.3147463822734367
dlla2;gauss;20;0.7764581522550666
dlla9;gauss;22;0.9894954752497837
dlla2;gauss;22;0.5
dlla9;gauss;24;0.16242258865955875
dlla2;gauss;24;0.2014889952268754
dlla9;gauss;26;0.5057785499226561
dlla2;gauss;26;0.9448225990098429
dlla9;gauss;28;0.8859109146426694
dlla2;gauss;28;0.14357370128704078
dlla9;gauss;30;0.46978816704320026
dlla2;gauss;30;0.007488909335178084
dlla9;gauss;32;0.6630942302242306
dlla2;gauss;32;0.11190535067984769
dlla9;gauss;34;0.10828514756114546
dlla2;gauss;34;0.3519196486230246
dlla9;gauss;36;0.803808597594535
dlla2;gauss;36;0.32413331000286316
dlla9;gauss;38;0.6469813833228417
dlla2;gauss;38;0.08557551845852679
dlla9;gauss;40;0.4326033603099765
dlla2;gauss;40;0.7284821111680986
dlla9;gauss;0;2.318840422574085e-13
dlla2;gauss;0;2.79459792422075e-05
dlla9;gauss;2;1.1162417299232704e-09
dlla2;gauss;2;0.0015128485461268382
cri_tvla_1;gauss;0;0.05486557471595076
cri_tvla_2;gauss;0;1.427549684109942e-11
dlla9;gauss;0;3.359479186089109e-16
dlla2;gauss;0;7.772989522701831e-08
cri_tvla_1;gauss;2;0.030774412668699187
cri_tvla_2;gauss;2;1.8324968748596122e-09
dlla9;gauss;2;3.0499277335529087e-09
dlla2;gauss;2;0.013733042089978564
cri_tvla_1;gauss;0;0.0300769810073612
cri_tvla_2;gauss;0;2.5162071172053123e-09
dlla9;gauss;0;3.077885336035705e-17
dlla2;gauss;0;1.4276355148093259e-08
cri_tvla_1;gauss;2;0.018648503930234643
cri_tvla_2;gauss;2;7.782274120815297e-10
dlla9;gauss;2;2.411416006030684e-07
dlla2;gauss;2;0.0024536406426705743
cri_tvla_1;gauss;4;0.006081909663722667
cri_tvla_2;gauss;4;7.130304934663604e-09
dlla9;gauss;4;0.00016232748396909224
dlla2;gauss;4;0.013733042089978564
cri_tvla_1;gauss;6;0.026062180753734808
cri_tvla_2;gauss;6;6.15023317776798e-05
dlla9;gauss;6;0.020670816436028597
dlla2;gauss;6;0.055177400990157166
cri_tvla_1;gauss;8;0.00787606787158826
cri_tvla_2;gauss;8;2.7232187830775716e-05
dlla9;gauss;8;0.2878465847848675
dlla2;gauss;8;0.5303018246014707
cri_tvla_1;gauss;10;0.003400582608317951
cri_tvla_2;gauss;10;1.465581012087901e-05
dlla9;gauss;10;0.22775301389737174
dlla2;gauss;10;0.8192059352229094
cri_tvla_1;gauss;12;0.024756600573742682
cri_tvla_2;gauss;12;0.018108487699002557
dlla9;gauss;12;0.0313386697927861
dlla2;gauss;12;0.24690634341038636
cri_tvla_1;gauss;14;0.018292747774311002
cri_tvla_2;gauss;14;0.028242594544572265
dlla9;gauss;14;0.9749152279420799
dlla2;gauss;14;0.38052038024011203
cri_tvla_1;gauss;16;0.0527241675585068
cri_tvla_2;gauss;16;0.0071185128217275935
dlla9;gauss;16;0.24021167323312467
dlla2;gauss;16;0.007488909335178084
cri_tvla_1;gauss;18;0.01381258565853388
cri_tvla_2;gauss;18;0.03001026512261279
dlla9;gauss;18;0.23608983443582526
dlla2;gauss;18;0.9759646785392468
cri_tvla_1;gauss;20;0.038865546723789925
cri_tvla_2;gauss;20;0.023111355196111186
dlla9;gauss;20;0.6596697255547683
dlla2;gauss;20;0.1270538329604073
cri_tvla_1;gauss;22;0.017891286115884288
cri_tvla_2;gauss;22;0.040581239785538056
dlla9;gauss;22;0.7061579540432368
dlla2;gauss;22;0.2715178888319014
cri_tvla_1;gauss;24;0.04514351265954212
cri_tvla_2;gauss;24;0.02519588282160105
dlla9;gauss;24;0.12445728888257004
dlla2;gauss;24;0.4097897787440413
cri_tvla_1;gauss;26;0.033964973705026984
cri_tvla_2;gauss;26;0.005327918832643704
dlla9;gauss;26;0.7963283891758497
dlla2;gauss;26;0.6758666899971368
cri_tvla_1;gauss;0;0.061714989466867175
cri_tvla_2;gauss;0;4.726080547256548e-10
dlla9;gauss;0;0.0
dlla2;gauss;0;0.0
cri_tvla_1;gauss;2;0.0310223201394234
cri_tvla_2;gauss;2;1.1029462882737032e-07
dlla9;gauss;2;0.0
dlla2;gauss;2;9.787623128894289e-207
cri_tvla_1;gauss;0;0.034048162439517964
cri_tvla_2;gauss;0;3.433308870903443e-12
dlla9;gauss;0;0.0
dlla2;gauss;0;0.0
cri_tvla_1;gauss;1;0.022426089213460516
cri_tvla_2;gauss;1;3.6664892951621666e-10
dlla9;gauss;1;0.0
dlla2;gauss;1;0.0
cri_tvla_1;gauss;0;0.028801659597453948
cri_tvla_2;gauss;0;5.964368182098207e-11
dlla9;gauss;0;0.0
dlla2;gauss;0;0.0
cri_tvla_1;gauss;1;0.023409706151399656
cri_tvla_2;gauss;1;3.182735308924769e-09
dlla9;gauss;1;0.0
dlla2;gauss;1;0.0
cri_tvla_1;gauss;2;0.007450044501733007
cri_tvla_2;gauss;2;2.277171028235232e-12
dlla9;gauss;2;0.0
dlla2;gauss;2;3.9678198786623357e-172
cri_tvla_1;gauss;3;0.014460850009793916
cri_tvla_2;gauss;3;1.872297047734783e-09
dlla9;gauss;3;0.0
dlla2;gauss;3;2.2699300477321954e-125
cri_tvla_1;gauss;4;0.01599612492528338
cri_tvla_2;gauss;4;2.6050165773154566e-11
dlla9;gauss;4;4.840800821425977e-229
dlla2;gauss;4;4.3872732073051865e-83
cri_tvla_1;gauss;5;0.007160834967587793
cri_tvla_2;gauss;5;1.3576344253203346e-08
dlla9;gauss;5;7.933576977428055e-180
dlla2;gauss;5;5.750422661268053e-66
cri_tvla_1;gauss;6;0.019585129369962342
cri_tvla_2;gauss;6;6.489916549771389e-06
dlla9;gauss;6;2.496906929478695e-90
dlla2;gauss;6;7.776808222566843e-42
cri_tvla_1;gauss;7;0.020907666917716384
cri_tvla_2;gauss;7;1.7261451516143755e-05
dlla9;gauss;7;0.03004748936606557
dlla2;gauss;7;8.888262993162387e-31
cri_tvla_1;gauss;8;0.006969994651980812
cri_tvla_2;gauss;8;0.0005736028280023417
dlla9;gauss;8;6.431451446822026e-05
dlla2;gauss;8;2.8353368719646535e-17
cri_tvla_1;gauss;9;0.05148969218413461
cri_tvla_2;gauss;9;0.0010448573651047287
dlla9;gauss;9;0.0010091825168610032
dlla2;gauss;9;1.9667559898492917e-10
cri_tvla_1;gauss;10;0.018384056277164298
cri_tvla_2;gauss;10;3.6525228683144086e-06
dlla9;gauss;10;0.8823226554186557
dlla2;gauss;10;0.04056721623702763
cri_tvla_1;gauss;11;0.04149038953815739
cri_tvla_2;gauss;11;0.015864386419091388
dlla9;gauss;11;0.8371050002790212
dlla2;gauss;11;0.0003867452395155513
cri_tvla_1;gauss;12;0.015326415803802515
cri_tvla_2;gauss;12;0.010630682276060116
dlla9;gauss;12;0.24035082755300852
dlla2;gauss;12;0.16917707026814033
cri_tvla_1;gauss;13;0.018931253243949137
cri_tvla_2;gauss;13;0.020737502877628874
dlla9;gauss;13;0.8725470231344841
dlla2;gauss;13;0.000638508550844992
cri_tvla_1;gauss;14;0.03280758451200239
cri_tvla_2;gauss;14;0.019125612197294247
dlla9;gauss;14;0.28484972940494435
dlla2;gauss;14;0.056955014712933245
cri_tvla_1;gauss;15;0.04023282347287361
cri_tvla_2;gauss;15;0.020643413512875505
dlla9;gauss;15;0.5373085654316746
dlla2;gauss;15;0.059546197138315216
cri_tvla_1;gauss;16;0.03120707902203286
cri_tvla_2;gauss;16;0.01021329039698534
dlla9;gauss;16;0.8526826707524333
dlla2;gauss;16;0.20291609960556117
cri_tvla_1;gauss;17;0.006479326883576583
cri_tvla_2;gauss;17;0.027868575018943704
dlla9;gauss;17;0.21605234404449575
dlla2;gauss;17;0.8270517438198695
cri_tvla_1;gauss;18;0.016875355870140912
cri_tvla_2;gauss;18;0.019044249049051977
dlla9;gauss;18;0.40210214118725773
dlla2;gauss;18;0.007930237366445641
cri_tvla_1;gauss;19;0.02216217537925515
cri_tvla_2;gauss;19;0.0223512097558484
dlla9;gauss;19;0.6563333364454416
dlla2;gauss;19;0.4881581351227898
cri_tvla_1;gauss;20;0.014797945472949063
cri_tvla_2;gauss;20;0.046606644945277234
dlla9;gauss;20;0.481017761570521
dlla2;gauss;20;0.3095007942840323
cri_tvla_1;gauss;21;0.04023220842898265
cri_tvla_2;gauss;21;0.02905252135205586
dlla9;gauss;21;0.9672569161781548
dlla2;gauss;21;0.0739111786571149
cri_tvla_1;gauss;0;0.02809374444702049
cri_tvla_2;gauss;0;1.7088416241370593e-09
dlla9;gauss;0;0.0
dlla2;gauss;0;0.0
cri_tvla_1;gauss;1;0.04327810315054762
cri_tvla_2;gauss;1;8.894568145525335e-11
dlla9;gauss;1;0.0
dlla2;gauss;1;0.0
cri_tvla_1;gauss;2;0.024542312989295195
cri_tvla_2;gauss;2;1.478735192291657e-08
dlla9;gauss;2;0.0
dlla2;gauss;2;1.8825553344828692e-205
cri_tvla_1;gauss;3;0.02112343427946178
cri_tvla_2;gauss;3;1.0873484297890046e-09
dlla9;gauss;3;0.0
dlla2;gauss;3;5.867930773881966e-118
cri_tvla_1;gauss;4;0.04683628933241067
cri_tvla_2;gauss;4;5.1136861466863785e-09
dlla9;gauss;4;7.232546473116183e-215
dlla2;gauss;4;1.0913593262251148e-62
cri_tvla_1;gauss;5;0.04784588272767449
cri_tvla_2;gauss;5;1.1004911756034017e-09
dlla9;gauss;5;5.0170235045530294e-191
dlla2;gauss;5;9.096324541251242e-55
cri_tvla_1;gauss;6;0.02160132735424388
cri_tvla_2;gauss;6;1.528516826963557e-06
dlla9;gauss;6;6.024147138098382e-118
dlla2;gauss;6;2.5315502293789813e-44
cri_tvla_1;gauss;7;0.017513878439510005
cri_tvla_2;gauss;7;6.005090727944493e-06
dlla9;gauss;7;2.4745554071809184e-18
dlla2;gauss;7;4.681386521215863e-33
cri_tvla_1;gauss;8;0.007081335212634222
cri_tvla_2;gauss;8;0.0009215139646933368
dlla9;gauss;8;0.002589553878090029
dlla2;gauss;8;1.7047839860582766e-10
cri_tvla_1;gauss;9;0.048603218604476604
cri_tvla_2;gauss;9;0.0028328353453846086
dlla9;gauss;9;2.68477531722319e-10
dlla2;gauss;9;2.162822847080255e-10
cri_tvla_1;gauss;10;0.039652375744831686
cri_tvla_2;gauss;10;0.00014621583715081527
dlla9;gauss;10;0.7709356995292126
dlla2;gauss;10;4.369264515710965e-08
cri_tvla_1;gauss;11;0.011084707508630288
cri_tvla_2;gauss;11;0.0038318813665536764
dlla9;gauss;11;0.3467339186039251
dlla2;gauss;11;0.052039596891918526
cri_tvla_1;gauss;12;0.021333431511951023
cri_tvla_2;gauss;12;0.0088422749971506
dlla9;gauss;12;0.33838007561127426
dlla2;gauss;12;0.00043046583379855135
cri_tvla_1;gauss;13;0.0121344643929162
cri_tvla_2;gauss;13;0.022531913518350724
dlla9;gauss;13;0.8210850974328894
dlla2;gauss;13;0.11751512114779028
cri_tvla_1;gauss;14;0.016484713429126534
cri_tvla_2;gauss;14;0.016842108561927714
dlla9;gauss;14;0.4144057423115919
dlla2;gauss;14;0.25923572246150783
cri_tvla_1;gauss;15;0.038052709817820024
cri_tvla_2;gauss;15;0.03068695981715354
dlla9;gauss;15;0.08656945207476167
dlla2;gauss;15;0.15639730095697152
cri_tvla_1;gauss;16;0.026180918527757596
cri_tvla_2;gauss;16;0.008773223669975927
dlla9;gauss;16;0.6997772286620288
dlla2;gauss;16;0.8308229297318597
cri_tvla_1;gauss;17;0.00769165324969194
cri_tvla_2;gauss;17;0.01880584517269317
dlla9;gauss;17;0.5732849388433742
dlla2;gauss;17;0.8074012951384515
cri_tvla_1;gauss;18;0.009520577269436767
cri_tvla_2;gauss;18;0.019884986645798287
dlla9;gauss;18;0.32612641431708833
dlla2;gauss;18;0.5059215847272135
cri_tvla_1;gauss;19;0.023481999943917347
cri_tvla_2;gauss;19;0.013600377501752404
dlla9;gauss;19;0.8121698067965698
dlla2;gauss;19;0.608191866820434
cri_tvla_1;gauss;20;0.01417226806265876
cri_tvla_2;gauss;20;0.009784885919233056
dlla9;gauss;20;0.2837159783261111
dlla2;gauss;20;0.5823123510929167
cri_tvla_1;gauss;21;0.01909555743834452
cri_tvla_2;gauss;21;0.030311764695451437
dlla9;gauss;21;0.6662957567457444
dlla2;gauss;21;0.026365933251870487
cri_tvla_1;gauss;0;0.0657889891810207
cri_tvla_2;gauss;0;2.970742011601604e-11
dlla9;gauss;0;0.0
dlla2;gauss;0;0.0
cri_tvla_1;gauss;1;0.05865843116452482
cri_tvla_2;gauss;1;1.5693584619808227e-11
dlla9;gauss;1;0.0
dlla2;gauss;1;0.0
cri_tvla_1;gauss;2;0.013907723429712448
cri_tvla_2;gauss;2;7.030076239005051e-10
dlla9;gauss;2;0.0
dlla2;gauss;2;6.433307028139684e-209
cri_tvla_1;gauss;3;0.005188679637623019
cri_tvla_2;gauss;3;7.945463503800255e-11
dlla9;gauss;3;0.0
dlla2;gauss;3;3.7748451653370673e-112
cri_tvla_1;gauss;4;0.018483069765893527
cri_tvla_2;gauss;4;1.5887038148307726e-07
dlla9;gauss;4;2.2612875930628037e-210
dlla2;gauss;4;1.723547255702644e-72
cri_tvla_1;gauss;5;0.024643738752299117
cri_tvla_2;gauss;5;4.1081260858246554e-09
dlla9;gauss;5;1.1177675027132841e-156
dlla2;gauss;5;8.13329465122299e-54
cri_tvla_1;gauss;6;0.014072697121453604
cri_tvla_2;gauss;6;1.4572855998713808e-05
dlla9;gauss;6;4.226612037823132e-24
dlla2;gauss;6;3.8178626176663117e-50
cri_tvla_1;gauss;7;0.04535532505509528
cri_tvla_2;gauss;7;1.560850296998493e-05
dlla9;gauss;7;0.440737993320362
dlla2;gauss;7;3.381475164643846e-29
cri_tvla_1;gauss;8;0.040787157230016115
cri_tvla_2;gauss;8;0.00021734749679892777
dlla9;gauss;8;1.8335103507638194e-10
dlla2;gauss;8;6.8359369578418615e-22
cri_tvla_1;gauss;9;0.024833883486774247
cri_tvla_2;gauss;9;0.0004719204813064663
dlla9;gauss;9;0.0002991124273143339
dlla2;gauss;9;2.0746640161554437e-09
cri_tvla_1;gauss;10;0.0475992621489502
cri_tvla_2;gauss;10;0.00022646505518676395
dlla9;gauss;10;0.07420849295136409
dlla2;gauss;10;2.093807420712873e-05
cri_tvla_1;gauss;11;0.02023763572197037
cri_tvla_2;gauss;11;0.005884737255194253
dlla9;gauss;11;0.6178386485664925
dlla2;gauss;11;7.454514032651667e-05
cri_tvla_1;gauss;12;0.047470844720278085
cri_tvla_2;gauss;12;0.014840934415714662
dlla9;gauss;12;0.2033932861378039
dlla2;gauss;12;0.009133593002620947
cri_tvla_1;gauss;13;0.010401975653358384
cri_tvla_2;gauss;13;0.01742192555112939
dlla9;gauss;13;0.0046755370737142634
dlla2;gauss;13;0.4940784152727865
cri_tvla_1;gauss;14;0.0008552022390684039
cri_tvla_2;gauss;14;0.014572801299399024
dlla9;gauss;14;0.9038479287955608
dlla2;gauss;14;0.11461507991156339
cri_tvla_1;gauss;15;0.016720529253959903
cri_tvla_2;gauss;15;0.02601440115603238
dlla9;gauss;15;0.5519991071326519
dlla2;gauss;15;0.08034793556751313
cri_tvla_1;gauss;16;0.0038671873510579633
cri_tvla_2;gauss;16;0.0043301918681438204
dlla9;gauss;16;0.7748141047087781
dlla2;gauss;16;0.5765083136043031
cri_tvla_1;gauss;17;0.016355169088988278
cri_tvla_2;gauss;17;0.014309432923532369
dlla9;gauss;17;0.6030124155348487
dlla2;gauss;17;0.13763289377945626
cri_tvla_1;gauss;18;0.03706955479482668
cri_tvla_2;gauss;18;0.008250762157612978
dlla9;gauss;18;0.6943177374112525
dlla2;gauss;18;0.3095007942840323
cri_tvla_1;gauss;19;0.020054037657481014
cri_tvla_2;gauss;19;0.020879341376446973
dlla9;gauss;19;0.9203816595987162
dlla2;gauss;19;0.23578644787599112
cri_tvla_1;gauss;20;0.02193001843819469
cri_tvla_2;gauss;20;0.025658570672229673
dlla9;gauss;20;0.9694922095405027
dlla2;gauss;20;0.9368562434497602
cri_tvla_1;gauss;21;0.034548969603957945
cri_tvla_2;gauss;21;0.010095499672492531
dlla9;gauss;21;0.2849012029942191
dlla2;gauss;21;0.7186738730210953
cri_tvla_1;gauss;0;0.07041693552369123
cri_tvla_2;gauss;0;6.996544096969403e-10
dlla9;gauss;0;0.0
dlla2;gauss;0;0.0
cri_tvla_1;gauss;1;0.03506982190741503
cri_tvla_2;gauss;1;8.353291079155854e-11
dlla9;gauss;1;0.0
dlla2;gauss;1;0.0
cri_tvla_1;gauss;2;0.03251332971175022
cri_tvla_2;gauss;2;1.5473984693880736e-11
dlla9;gauss;2;0.0
dlla2;gauss;2;4.560140935856897e-250
cri_tvla_1;gauss;3;0.014400676210092864
cri_tvla_2;gauss;3;2.752106277639711e-08
dlla9;gauss;3;0.0
dlla2;gauss;3;3.82931526213631e-127
cri_tvla_1;gauss;4;0.01782417364106638
cri_tvla_2;gauss;4;4.7550472327609435e-09
dlla9;gauss;4;3.862986109782289e-205
dlla2;gauss;4;2.486554290486384e-69
cri_tvla_1;gauss;5;0.036663007663817686
cri_tvla_2;gauss;5;8.051114325466717e-11
dlla9;gauss;5;3.050529479374369e-159
dlla2;gauss;5;5.162584088435779e-51
cri_tvla_1;gauss;6;0.019608030011880863
cri_tvla_2;gauss;6;3.958442807253908e-06
dlla9;gauss;6;8.068314090352304e-101
dlla2;gauss;6;9.336055422343006e-34
cri_tvla_1;gauss;7;0.005057234641758945
cri_tvla_2;gauss;7;3.193594191357931e-05
dlla9;gauss;7;8.826512283644101e-43
dlla2;gauss;7;2.0186261308901941e-19
cri_tvla_1;gauss;8;0.03412372591901468
cri_tvla_2;gauss;8;4.210221386732688e-05
dlla9;gauss;8;3.1352441525195492e-09
dlla2;gauss;8;8.387851493571873e-12
cri_tvla_1;gauss;9;0.007187783859245713
cri_tvla_2;gauss;9;0.0011014738970619893
dlla9;gauss;9;0.79375703316738
dlla2;gauss;9;3.6808529753933416e-14
cri_tvla_1;gauss;10;0.019382739547986996
cri_tvla_2;gauss;10;0.00107467511942678
dlla9;gauss;10;0.003999709338319328
dlla2;gauss;10;1.782623934897977e-05
cri_tvla_1;gauss;11;0.011132815566738063
cri_tvla_2;gauss;11;0.012737054802551901
dlla9;gauss;11;0.34017300344581736
dlla2;gauss;11;0.005569902503851222
cri_tvla_1;gauss;12;0.044338319927600935
cri_tvla_2;gauss;12;0.01737597132732526
dlla9;gauss;12;0.5131151637898101
dlla2;gauss;12;0.00041912538348630067
cri_tvla_1;gauss;13;0.015463491456569754
cri_tvla_2;gauss;13;0.03068433196008874
dlla9;gauss;13;0.21984898474602152
dlla2;gauss;13;0.15639730095697152
cri_tvla_1;gauss;14;0.039531361451948
cri_tvla_2;gauss;14;0.021897544811522236
dlla9;gauss;14;0.9808514362571026
dlla2;gauss;14;0.011128926993497334
cri_tvla_1;gauss;15;0.016113644038806045
cri_tvla_2;gauss;15;0.032483134876896
dlla9;gauss;15;0.4538771198078563
dlla2;gauss;15;0.024603264583625745
cri_tvla_1;gauss;16;0.02866355473575732
cri_tvla_2;gauss;16;0.0084182331511999
dlla9;gauss;16;0.28888702016342854
dlla2;gauss;16;0.805363875215988
cri_tvla_1;gauss;17;0.010970092335615064
cri_tvla_2;gauss;17;0.016402971940935214
dlla9;gauss;17;0.9254264670107477
dlla2;gauss;17;0.022145356235645914
cri_tvla_1;gauss;18;0.016398902885960666
cri_tvla_2;gauss;18;0.007814185936471143
dlla9;gauss;18;0.7369599144947009
dlla2;gauss;18;0.3388421453991485
cri_tvla_1;gauss;19;0.006582372177583603
cri_tvla_2;gauss;19;0.04419270415501001
dlla9;gauss;19;0.22594446925040473
dlla2;gauss;19;0.5472633102843367
cri_tvla_1;gauss;20;0.038589403230407326
cri_tvla_2;gauss;20;0.032949093205173356
dlla9;gauss;20;0.29362192833718953
dlla2;gauss;20;0.2863557110875996
cri_tvla_1;gauss;21;0.029151765451973417
cri_tvla_2;gauss;21;0.02591092678603867
dlla9;gauss;21;0.6310982510543345
dlla2;gauss;21;0.16917707026814033
cri_tvla_1;gauss;0;0.032866524759111705
cri_tvla_2;gauss;0;2.8094513524915735e-11
dlla9;gauss;0;0.0
dlla2;gauss;0;0.0
cri_tvla_1;gauss;1;0.004617867595711332
cri_tvla_2;gauss;1;2.2870312954163708e-10
dlla9;gauss;1;0.0
dlla2;gauss;1;0.0
cri_tvla_1;gauss;2;0.019080338835579306
cri_tvla_2;gauss;2;2.5988605074395088e-11
dlla9;gauss;2;0.0
dlla2;gauss;2;2.471043002260578e-187
cri_tvla_1;gauss;3;0.025681870729795424
cri_tvla_2;gauss;3;7.329766882934871e-12
dlla9;gauss;3;0.0
dlla2;gauss;3;5.139367897693718e-139
cri_tvla_1;gauss;4;0.0018857485547083641
cri_tvla_2;gauss;4;1.1365020165423957e-08
dlla9;gauss;4;2.5297308649531133e-227
dlla2;gauss;4;4.482894956476388e-60
cri_tvla_1;gauss;5;0.03400921342369078
cri_tvla_2;gauss;5;4.853084898218943e-11
dlla9;gauss;5;1.731226540851286e-202
dlla2;gauss;5;1.767917443560594e-52
cri_tvla_1;gauss;6;0.009839396557910465
cri_tvla_2;gauss;6;8.837673242167976e-06
dlla9;gauss;6;6.497118921415234e-81
dlla2;gauss;6;1.6017635370695525e-49
cri_tvla_1;gauss;7;0.025314080599194006
cri_tvla_2;gauss;7;1.2267428182933369e-05
dlla9;gauss;7;1.3856452765464007e-06
dlla2;gauss;7;6.696526065068148e-35
cri_tvla_1;gauss;8;0.017963476401717995
cri_tvla_2;gauss;8;0.00015009147312892917
dlla9;gauss;8;1.1154596462511703e-20
dlla2;gauss;8;2.7122618194770495e-09
cri_tvla_1;gauss;9;0.034174707908337855
cri_tvla_2;gauss;9;0.0004964477932244518
dlla9;gauss;9;0.14253586437434324
dlla2;gauss;9;1.7770661266550374e-07
cri_tvla_1;gauss;10;0.05508036032299884
cri_tvla_2;gauss;10;3.180825618101678e-05
dlla9;gauss;10;0.9536934931267471
dlla2;gauss;10;0.00032000762449454915
cri_tvla_1;gauss;11;0.034837963840965665
cri_tvla_2;gauss;11;0.012660474446256348
dlla9;gauss;11;0.30482182417865217
dlla2;gauss;11;0.29654097137259905
cri_tvla_1;gauss;12;0.003965699450822949
cri_tvla_2;gauss;12;0.032882109501599054
dlla9;gauss;12;0.9463815333628401
dlla2;gauss;12;0.015685106451569602
cri_tvla_1;gauss;13;0.01814478537735457
cri_tvla_2;gauss;13;0.016818870515538216
dlla9;gauss;13;0.9339152507896322
dlla2;gauss;13;0.0021354799935103114
cri_tvla_1;gauss;14;0.04250282387006915
cri_tvla_2;gauss;14;0.03721402088853959
dlla9;gauss;14;0.5881548489812986
dlla2;gauss;14;0.1189844645747371
cri_tvla_1;gauss;15;0.020316968510371274
cri_tvla_2;gauss;15;0.025028176514522136
dlla9;gauss;15;0.5224374970063379
dlla2;gauss;15;0.46746623265301385
cri_tvla_1;gauss;16;0.0215550864222157
cri_tvla_2;gauss;16;0.023421206494489734
dlla9;gauss;16;0.43247508628199904
dlla2;gauss;16;0.11751512114779028
cri_tvla_1;gauss;17;0.010323596080177638
cri_tvla_2;gauss;17;0.006863167797420874
dlla9;gauss;17;0.7184703393870442
dlla2;gauss;17;0.7161644141662911
cri_tvla_1;gauss;18;0.03134544660985115
cri_tvla_2;gauss;18;0.023047671163789644
dlla9;gauss;18;0.5585105338817495
dlla2;gauss;18;0.1312070165630153
cri_tvla_1;gauss;19;0.013792314662627439
cri_tvla_2;gauss;19;0.04676927213252514
dlla9;gauss;19;0.9179376157474819
dlla2;gauss;19;0.06885464156287567
cri_tvla_1;gauss;20;0.03347597023814821
cri_tvla_2;gauss;20;0.0313566171544477
dlla9;gauss;20;0.8929264236921152
dlla2;gauss;20;0.6772980399344682
cri_tvla_1;gauss;21;0.055264666876401046
cri_tvla_2;gauss;21;0.026414614912227786
dlla9;gauss;21;0.5784987016426171
dlla2;gauss;21;0.5909845095846641
cri_tvla_1;gauss;0;0.024548004807724382
cri_tvla_2;gauss;0;9.0248830882936e-11
dlla9;gauss;0;0.0
dlla2;gauss;0;0.0
cri_tvla_1;gauss;1;0.04512944914995036
cri_tvla_2;gauss;1;6.029342908808516e-12
dlla9;gauss;1;0.0
dlla2;gauss;1;0.0
cri_tvla_1;gauss;2;0.01715780066367994
cri_tvla_2;gauss;2;3.8073207747432725e-11
dlla9;gauss;2;0.0
dlla2;gauss;2;7.6119182132177615e-233
cri_tvla_1;gauss;3;0.010729467233079019
cri_tvla_2;gauss;3;2.3675011372648703e-10
dlla9;gauss;3;0.0
dlla2;gauss;3;8.693284711153925e-130
cri_tvla_1;gauss;4;0.010990454790632327
cri_tvla_2;gauss;4;5.046315618610096e-10
dlla9;gauss;4;1.176793299832482e-228
dlla2;gauss;4;9.82052843017615e-81
cri_tvla_1;gauss;5;0.034563688406976295
cri_tvla_2;gauss;5;2.21022799950179e-10
dlla9;gauss;5;3.6572051979783463e-174
dlla2;gauss;5;5.054617467718588e-67
cri_tvla_1;gauss;6;0.019234163596642605
cri_tvla_2;gauss;6;1.429305512082711e-06
dlla9;gauss;6;1.0530851867037828e-105
dlla2;gauss;6;4.817951738459163e-37
cri_tvla_1;gauss;7;0.03823245951886397
cri_tvla_2;gauss;7;4.599006169959266e-05
dlla9;gauss;7;1.8616098327280805e-29
dlla2;gauss;7;6.8359369578418615e-22
cri_tvla_1;gauss;8;0.0494134186942167
cri_tvla_2;gauss;8;0.0001444482447792277
dlla9;gauss;8;0.003564822428728089
dlla2;gauss;8;3.564524107403959e-07
cri_tvla_1;gauss;9;0.012777344195602237
cri_tvla_2;gauss;9;0.004069405790000989
dlla9;gauss;9;0.027546359220110426
dlla2;gauss;9;4.3809490798476354e-10
cri_tvla_1;gauss;10;0.03550770007269766
cri_tvla_2;gauss;10;0.00010678011717851454
dlla9;gauss;10;0.4544510225922189
dlla2;gauss;10;0.00046621699811108395
cri_tvla_1;gauss;11;0.026012238966645288
cri_tvla_2;gauss;11;0.021637754283576345
dlla9;gauss;11;0.28506030651023945
dlla2;gauss;11;0.5
cri_tvla_1;gauss;12;0.009591137755495947
cri_tvla_2;gauss;12;0.005444624413382502
dlla9;gauss;12;0.836252522072061
dlla2;gauss;12;0.018509800650450055
cri_tvla_1;gauss;13;0.010890912612586024
cri_tvla_2;gauss;13;0.012943316935411156
dlla9;gauss;13;0.4526553773404203
dlla2;gauss;13;0.2179023225019121
cri_tvla_1;gauss;14;0.04335706710629059
cri_tvla_2;gauss;14;0.03448884400125227
dlla9;gauss;14;0.1522203059020189
dlla2;gauss;14;0.015395370712599424
cri_tvla_1;gauss;15;0.024477052288293187
cri_tvla_2;gauss;15;0.029914787512842267
dlla9;gauss;15;0.20749269158425676
dlla2;gauss;15;0.04820620544530603
cri_tvla_1;gauss;16;0.01973633356178259
cri_tvla_2;gauss;16;0.026492811281879622
dlla9;gauss;16;0.9476817480809758
dlla2;gauss;16;0.4822404632650607
cri_tvla_1;gauss;17;0.007685311143246378
cri_tvla_2;gauss;17;0.015571654615844482
dlla9;gauss;17;0.277479460613559
dlla2;gauss;17;0.16545909947222115
cri_tvla_1;gauss;18;0.019584238028774997
cri_tvla_2;gauss;18;0.008620451969359727
dlla9;gauss;18;0.8396271690775454
dlla2;gauss;18;0.5325337673469862
cri_tvla_1;gauss;19;0.007553132385897676
cri_tvla_2;gauss;19;0.014356695362459771
dlla9;gauss;19;0.6267368669640205
dlla2;gauss;19;0.13927237158613864
cri_tvla_1;gauss;20;0.014254771130382825
cri_tvla_2;gauss;20;0.03577471947394632
dlla9;gauss;20;0.04101209838072758
dlla2;gauss;20;0.4032584184152733
cri_tvla_1;gauss;21;0.009080045185806676
cri_tvla_2;gauss;21;0.03236189337630784
dlla9;gauss;21;0.4173434382339909
dlla2;gauss;21;0.9594327837629724
cri_tvla_1;gauss;0;0.028531305417413017
cri_tvla_2;gauss;0;6.631626889007123e-10
dlla9;gauss;0;0.0
dlla2;gauss;0;0.0
cri_tvla_1;gauss;1;0.02427832455393837
cri_tvla_2;gauss;1;3.5617445308195657e-10
dlla9;gauss;1;0.0
dlla2;gauss;1;0.0
cri_tvla_1;gauss;2;0.006145118315775502
cri_tvla_2;gauss;2;2.677409570476098e-10
dlla9;gauss;2;0.0
dlla2;gauss;2;1.3967878336647386e-186
cri_tvla_1;gauss;3;0.024504598105547736
cri_tvla_2;gauss;3;1.4759713965066562e-11
dlla9;gauss;3;0.0
dlla2;gauss;3;1.32707180871843e-124
cri_tvla_1;gauss;4;0.01336851754245149
cri_tvla_2;gauss;4;7.228433808537295e-10
dlla9;gauss;4;5.5849128960384835e-219
dlla2;gauss;4;1.767917443560594e-52
cri_tvla_1;gauss;5;0.014028662296817047
cri_tvla_2;gauss;5;2.9744426928830993e-08
dlla9;gauss;5;1.1539764671894257e-176
dlla2;gauss;5;6.531920442965818e-66
cri_tvla_1;gauss;6;0.018239228191285217
cri_tvla_2;gauss;6;1.574513340494755e-05
dlla9;gauss;6;3.709257099611821e-38
dlla2;gauss;6;2.193908444596522e-50
cri_tvla_1;gauss;7;0.02763379929430627
cri_tvla_2;gauss;7;2.6760183481392892e-05
dlla9;gauss;7;5.335348108426923e-29
dlla2;gauss;7;2.8312038688256416e-21
cri_tvla_1;gauss;8;0.020634426248905827
cri_tvla_2;gauss;8;0.0010359804447064311
dlla9;gauss;8;0.0042521135436715835
dlla2;gauss;8;5.541294460412849e-15
cri_tvla_1;gauss;9;0.03033012224760511
cri_tvla_2;gauss;9;0.0005310116351950532
dlla9;gauss;9;1.3702088869876302e-05
dlla2;gauss;9;7.970422070815923e-12
cri_tvla_1;gauss;10;0.011362659216593006
cri_tvla_2;gauss;10;7.996410224130168e-05
dlla9;gauss;10;0.10570202623743002
dlla2;gauss;10;2.0277155869832076e-05
cri_tvla_1;gauss;11;0.023866449078021774
cri_tvla_2;gauss;11;0.0060424250792364435
dlla9;gauss;11;0.2228514445124349
dlla2;gauss;11;5.187668423403392e-05
cri_tvla_1;gauss;12;0.013187219642683212
cri_tvla_2;gauss;12;0.019925967318471093
dlla9;gauss;12;0.30910313978399045
dlla2;gauss;12;0.002237503962386312
cri_tvla_1;gauss;13;0.0126416532423983
cri_tvla_2;gauss;13;0.0335865980372187
dlla9;gauss;13;0.6944323364229346
dlla2;gauss;13;0.45862185471457667
cri_tvla_1;gauss;14;0.027799804989844076
cri_tvla_2;gauss;14;0.02516566188708417
dlla9;gauss;14;0.2294180919055557
dlla2;gauss;14;0.19875011551659627
cri_tvla_1;gauss;15;0.01563756074070009
cri_tvla_2;gauss;15;0.035705120574982235
dlla9;gauss;15;0.2623550458372228
dlla2;gauss;15;0.07287780512309609
cri_tvla_1;gauss;16;0.009851019997658566
cri_tvla_2;gauss;16;0.004521168945497905
dlla9;gauss;16;0.8100438875289735
dlla2;gauss;16;0.34429052477910005
cri_tvla_1;gauss;17;0.008129684123107418
cri_tvla_2;gauss;17;0.020988054895666148
dlla9;gauss;17;0.28677182886160757
dlla2;gauss;17;0.3497714131312083
cri_tvla_1;gauss;18;0.0245660145818874
cri_tvla_2;gauss;18;0.007544446634679375
dlla9;gauss;18;0.7249083608300078
dlla2;gauss;18;0.048954248927743485
cri_tvla_1;gauss;19;0.018422327236744168
cri_tvla_2;gauss;19;0.025485569482212304
dlla9;gauss;19;0.8357422076482914
dlla2;gauss;19;0.3016950804173334
cri_tvla_1;gauss;20;0.015202511885023811
cri_tvla_2;gauss;20;0.034962994627485346
dlla9;gauss;20;0.12077337854053984
dlla2;gauss;20;0.4556780565455053
cri_tvla_1;gauss;21;0.051115594467115145
cri_tvla_2;gauss;21;0.028736661316268487
dlla9;gauss;21;0.15159991819151727
dlla2;gauss;21;0.5472633102843367
cri_tvla_1;gauss;0;0.018131367640375203
cri_tvla_2;gauss;0;1.856441698259141e-10
dlla9;gauss;0;0.0
dlla2;gauss;0;0.0
cri_tvla_1;gauss;1;0.06743926103229594
cri_tvla_2;gauss;1;4.459540260977935e-12
dlla9;gauss;1;0.0
dlla2;gauss;1;0.0
cri_tvla_1;gauss;2;0.042807984225104095
cri_tvla_2;gauss;2;9.776169185413562e-11
dlla9;gauss;2;0.0
dlla2;gauss;2;6.600820057914791e-253
cri_tvla_1;gauss;3;0.026820683198323134
cri_tvla_2;gauss;3;2.2671016375522972e-11
dlla9;gauss;3;0.0
dlla2;gauss;3;6.286242694691728e-119
cri_tvla_1;gauss;4;0.03245190536240771
cri_tvla_2;gauss;4;2.0378792630804975e-09
dlla9;gauss;4;4.28502710599268e-242
dlla2;gauss;4;5.42146175996814e-87
cri_tvla_1;gauss;5;0.03300298070349509
cri_tvla_2;gauss;5;2.0492396181569356e-07
dlla9;gauss;5;5.4417904858840925e-170
dlla2;gauss;5;8.318913939716537e-68
cri_tvla_1;gauss;6;0.03768715120299745
cri_tvla_2;gauss;6;5.522594757486442e-06
dlla9;gauss;6;3.878903541964821e-99
dlla2;gauss;6;7.266146314265654e-48
cri_tvla_1;gauss;7;0.018382336002919362
cri_tvla_2;gauss;7;0.00018879426119749448
dlla9;gauss;7;7.475077365138933e-56
dlla2;gauss;7;5.976278514175007e-20
cri_tvla_1;gauss;8;0.02071446428953148
cri_tvla_2;gauss;8;7.661893895504404e-05
dlla9;gauss;8;1.1104543865246622e-13
dlla2;gauss;8;8.471573557923532e-09
cri_tvla_1;gauss;9;0.026657553499294415
cri_tvla_2;gauss;9;0.0008153402503172835
dlla9;gauss;9;0.0021202642726539218
dlla2;gauss;9;1.8218334561416165e-17
cri_tvla_1;gauss;10;0.018411637191124854
cri_tvla_2;gauss;10;2.7417856897922268e-06
dlla9;gauss;10;0.9084876392588619
dlla2;gauss;10;1.847969127994403e-07
cri_tvla_1;gauss;11;0.01776189364377975
cri_tvla_2;gauss;11;0.0021312702587534434
dlla9;gauss;11;0.4067685594150141
dlla2;gauss;11;3.412739269681363e-08
cri_tvla_1;gauss;12;0.011142255432024411
cri_tvla_2;gauss;12;0.007439310260382878
dlla9;gauss;12;0.01913729470504097
dlla2;gauss;12;8.459939317902763e-07
cri_tvla_1;gauss;13;0.013392293124320009
cri_tvla_2;gauss;13;0.013059284559241107
dlla9;gauss;13;0.25789806960123257
dlla2;gauss;13;0.02254000282305683
cri_tvla_1;gauss;14;0.003017113467020054
cri_tvla_2;gauss;14;0.021156684784107344
dlla9;gauss;14;0.8088513602801967
dlla2;gauss;14;0.052039596891918526
cri_tvla_1;gauss;15;0.006383816374598955
cri_tvla_2;gauss;15;0.004446750319108155
dlla9;gauss;15;0.6324180568767934
dlla2;gauss;15;0.5059215847272135
cri_tvla_1;gauss;16;0.03762557751339017
cri_tvla_2;gauss;16;0.006711844661878963
dlla9;gauss;16;0.29719001842271814
dlla2;gauss;16;0.4881581351227898
cri_tvla_1;gauss;17;0.010976703626921568
cri_tvla_2;gauss;17;0.02411040666510795
dlla9;gauss;17;0.24445978714721003
dlla2;gauss;17;0.9517937945546939
cri_tvla_1;gauss;18;0.006714616810911443
cri_tvla_2;gauss;18;0.020290489497949166
dlla9;gauss;18;0.588257029515596
dlla2;gauss;18;0.03992446375993894
cri_tvla_1;gauss;19;0.034985334526049815
cri_tvla_2;gauss;19;0.015422398036832447
dlla9;gauss;19;0.5012232184535996
dlla2;gauss;19;0.06690835720121728
cri_tvla_1;gauss;20;0.036485762525544536
cri_tvla_2;gauss;20;0.026737326320770815
dlla9;gauss;20;0.007741057533755882
dlla2;gauss;20;0.1806499244260003
cri_tvla_1;gauss;21;0.03849711051508435
cri_tvla_2;gauss;21;0.061013355262003605
dlla9;gauss;21;0.6061975043039869
dlla2;gauss;21;0.9717670670305628
cri_tvla_1;gauss;0;0.023926436540859637
cri_tvla_2;gauss;0;3.168101599441393e-11
dlla9;gauss;0;0.0
dlla2;gauss;0;0.0
cri_tvla_1;gauss;1;0.005115408546668865
cri_tvla_2;gauss;1;4.88655855167762e-12
dlla9;gauss;1;0.0
dlla2;gauss;1;0.0
cri_tvla_1;gauss;2;0.011603752147577778
cri_tvla_2;gauss;2;2.244614808801594e-10
dlla9;gauss;2;0.0
dlla2;gauss;2;9.513789863268279e-237
cri_tvla_1;gauss;3;0.0487757203569409
cri_tvla_2;gauss;3;4.427477589893908e-08
dlla9;gauss;3;0.0
dlla2;gauss;3;3.339779717624655e-120
cri_tvla_1;gauss;4;0.039287960049003326
cri_tvla_2;gauss;4;7.358426999518478e-11
dlla9;gauss;4;8.989718175382299e-236
dlla2;gauss;4;1.1311238350496807e-80
cri_tvla_1;gauss;5;0.05630069093849058
cri_tvla_2;gauss;5;9.614421596504304e-10
dlla9;gauss;5;5.8904959371566504e-154
dlla2;gauss;5;9.016066473294937e-51
cri_tvla_1;gauss;6;0.02291698326218889
cri_tvla_2;gauss;6;9.625770932309471e-06
dlla9;gauss;6;2.0969920855597878e-128
dlla2;gauss;6;1.2742918639692736e-38
cri_tvla_1;gauss;7;0.02680505272944583
cri_tvla_2;gauss;7;4.6560064689095885e-05
dlla9;gauss;7;2.743991323163371e-14
dlla2;gauss;7;1.3993223445576358e-26
cri_tvla_1;gauss;8;0.03914671965842943
cri_tvla_2;gauss;8;1.8406641577617872e-05
dlla9;gauss;8;4.920299966144757e-13
dlla2;gauss;8;8.693071033352004e-11
cri_tvla_1;gauss;9;0.02335613384716853
cri_tvla_2;gauss;9;0.00110375379499406
dlla9;gauss;9;0.0008203189987794008
dlla2;gauss;9;7.454514032651667e-05
cri_tvla_1;gauss;10;0.03483331672075708
cri_tvla_2;gauss;10;3.5931570442876595e-05
dlla9;gauss;10;0.04152349064768213
dlla2;gauss;10;1.4156166811690628e-08
cri_tvla_1;gauss;11;0.03196252596140722
cri_tvla_2;gauss;11;0.006351670668278375
dlla9;gauss;11;0.05037358955174604
dlla2;gauss;11;0.17677257615628922
cri_tvla_1;gauss;12;0.03648395484220715
cri_tvla_2;gauss;12;0.0044692513163391975
dlla9;gauss;12;0.7180136910222903
dlla2;gauss;12;0.22229852603163958
cri_tvla_1;gauss;13;0.02045311096259067
cri_tvla_2;gauss;13;0.020279111389702696
dlla9;gauss;13;0.010509638486248146
dlla2;gauss;13;0.0168912930850067
cri_tvla_1;gauss;14;0.019768502796999213
cri_tvla_2;gauss;14;0.019428767800995478
dlla9;gauss;14;0.5354077531480314
dlla2;gauss;14;0.1636200883842116
cri_tvla_1;gauss;15;0.0162027493984558
cri_tvla_2;gauss;15;0.02738792400655532
dlla9;gauss;15;0.3769100504190309
dlla2;gauss;15;0.22898676759006314
cri_tvla_1;gauss;16;0.04876577203685902
cri_tvla_2;gauss;16;0.014232540203229092
dlla9;gauss;16;0.8918410586167921
dlla2;gauss;16;0.2763395768746457
cri_tvla_1;gauss;17;0.03613856430461639
cri_tvla_2;gauss;17;0.008493999999724557
dlla9;gauss;17;0.06042356651088408
dlla2;gauss;17;0.5295818501896254
cri_tvla_1;gauss;18;0.030565244462658337
cri_tvla_2;gauss;18;0.014223075575369627
dlla9;gauss;18;0.44911764380236197
dlla2;gauss;18;0.7335015629425934
cri_tvla_1;gauss;19;0.006788296667656167
cri_tvla_2;gauss;19;0.01703538974630059
dlla9;gauss;19;0.9832029865264756
dlla2;gauss;19;0.5706876276054733
cri_tvla_1;gauss;20;0.02384416574300145
cri_tvla_2;gauss;20;0.019301378763180856
dlla9;gauss;20;0.17086341069432243
dlla2;gauss;20;0.8506122756561981
cri_tvla_1;gauss;21;0.04293322243656474
cri_tvla_2;gauss;21;0.0264710060161156
dlla9;gauss;21;0.8300879995146042
dlla2;gauss;21;0.4704181498103745
cri_tvla_1;gauss;0;0.05668257403485232
cri_tvla_2;gauss;0;5.861787023580929e-11
dlla9;gauss;0;0.0
dlla2;gauss;0;0.0
cri_tvla_1;gauss;1;0.025289461894836853
cri_tvla_2;gauss;1;1.0416845494119322e-11
dlla9;gauss;1;0.0
dlla2;gauss;1;0.0
cri_tvla_1;gauss;2;0.005874038473475582
cri_tvla_2;gauss;2;5.638078816860127e-10
dlla9;gauss;2;0.0
dlla2;gauss;2;1.1865216717482e-194
cri_tvla_1;gauss;3;0.013813905897322835
cri_tvla_2;gauss;3;4.65164259480785e-08
dlla9;gauss;3;0.0
dlla2;gauss;3;6.957920180711107e-131
cri_tvla_1;gauss;4;0.01977827419094617
cri_tvla_2;gauss;4;9.345451731658986e-08
dlla9;gauss;4;2.826786899446912e-201
dlla2;gauss;4;9.466612436377219e-68
cri_tvla_1;gauss;5;0.02414566033653147
cri_tvla_2;gauss;5;2.130192205528296e-07
dlla9;gauss;5;1.0632701298702383e-187
dlla2;gauss;5;3.956218624319175e-59
cri_tvla_1;gauss;6;0.017571885755238364
cri_tvla_2;gauss;6;1.4820471080861343e-06
dlla9;gauss;6;3.703035174823863e-43
dlla2;gauss;6;3.157784752783747e-36
cri_tvla_1;gauss;7;0.003924574774818991
cri_tvla_2;gauss;7;1.8536151437251607e-05
dlla9;gauss;7;6.571880317342322e-17
dlla2;gauss;7;1.921611855659471e-26
cri_tvla_1;gauss;8;0.014937530293913336
cri_tvla_2;gauss;8;0.00016603496259772014
dlla9;gauss;8;0.0006841550020188733
dlla2;gauss;8;1.0634337103254944e-07
cri_tvla_1;gauss;9;0.033502587225866784
cri_tvla_2;gauss;9;0.002349097841411061
dlla9;gauss;9;0.04341410482331799
dlla2;gauss;9;3.862426749532696e-08
cri_tvla_1;gauss;10;0.01766662182654176
cri_tvla_2;gauss;10;3.686153402470007e-06
dlla9;gauss;10;0.009552260117354727
dlla2;gauss;10;2.6872530386261058e-06
cri_tvla_1;gauss;11;0.034371528752774425
cri_tvla_2;gauss;11;0.030331944966257317
dlla9;gauss;11;0.49648190246116364
dlla2;gauss;11;0.0004787326049707571
cri_tvla_1;gauss;12;0.027520596488304065
cri_tvla_2;gauss;12;0.015007485335209965
dlla9;gauss;12;0.5059461372622551
dlla2;gauss;12;0.010289347349789854
cri_tvla_1;gauss;13;0.014900200329754996
cri_tvla_2;gauss;13;0.03293414247028481
dlla9;gauss;13;0.17497161046394524
dlla2;gauss;13;0.1528658715470289
cri_tvla_1;gauss;14;0.032683806462511664
cri_tvla_2;gauss;14;0.025639829328764307
dlla9;gauss;14;0.7033798764741156
dlla2;gauss;14;0.01349301706773638
cri_tvla_1;gauss;15;0.03539396833762571
cri_tvla_2;gauss;15;0.04671483890135374
dlla9;gauss;15;0.36761092275031304
dlla2;gauss;15;0.07924668019579795
cri_tvla_1;gauss;16;0.03425592984191513
cri_tvla_2;gauss;16;0.004265628767486589
dlla9;gauss;16;0.6916664944862011
dlla2;gauss;16;0.020258529234271218
cri_tvla_1;gauss;17;0.012975926441752357
cri_tvla_2;gauss;17;0.005707980455385026
dlla9;gauss;17;0.7910616899126478
dlla2;gauss;17;0.44686188915133424
cri_tvla_1;gauss;18;0.02700354536289242
cri_tvla_2;gauss;18;0.005774534866809605
dlla9;gauss;18;0.4309048776736343
dlla2;gauss;18;0.27386266587286245
cri_tvla_1;gauss;19;0.011368437186309373
cri_tvla_2;gauss;19;0.032505748906991774
dlla9;gauss;19;0.6097918074317987
dlla2;gauss;19;0.6611578546008515
cri_tvla_1;gauss;20;0.03999664876918919
cri_tvla_2;gauss;20;0.02308110145573553
dlla9;gauss;20;0.3166425998486688
dlla2;gauss;20;0.6024777617735914
cri_tvla_1;gauss;21;0.030998387898588633
cri_tvla_2;gauss;21;0.034511979446963104
dlla9;gauss;21;0.3268131357103343
dlla2;gauss;21;0.06132436855195395
cri_tvla_1;gauss;0;0.03140191690967921
cri_tvla_2;gauss;0;3.038200733350986e-11
dlla9;gauss;0;0.0
dlla2;gauss;0;0.0
cri_tvla_1;gauss;1;0.03469440584971129
cri_tvla_2;gauss;1;2.1173452182345287e-12
dlla9;gauss;1;0.0
dlla2;gauss;1;0.0
cri_tvla_1;gauss;2;0.02563654931611089
cri_tvla_2;gauss;2;1.584343213147428e-11
dlla9;gauss;2;0.0
dlla2;gauss;2;4.940600466089153e-207
cri_tvla_1;gauss;3;0.004994886712153074
cri_tvla_2;gauss;3;2.8632230293570124e-12
dlla9;gauss;3;0.0
dlla2;gauss;3;1.6327037308827175e-115
cri_tvla_1;gauss;4;0.0384042880980075
cri_tvla_2;gauss;4;3.10281985243788e-08
dlla9;gauss;4;5.960871707979408e-208
dlla2;gauss;4;3.4803890495646947e-74
cri_tvla_1;gauss;5;0.010026833246524952
cri_tvla_2;gauss;5;5.0220096839054704e-08
dlla9;gauss;5;6.642276374944227e-122
dlla2;gauss;5;1.6998759289319292e-59
cri_tvla_1;gauss;6;0.02732538243220942
cri_tvla_2;gauss;6;7.442860038357725e-06
dlla9;gauss;6;1.6888900089930398e-53
dlla2;gauss;6;3.5826741459085336e-33
cri_tvla_1;gauss;7;0.025267800509333787
cri_tvla_2;gauss;7;0.00014951632359369363
dlla9;gauss;7;5.577919431252408e-59
dlla2;gauss;7;7.635914587331003e-14
cri_tvla_1;gauss;8;0.04212238668005428
cri_tvla_2;gauss;8;3.756799107503921e-05
dlla9;gauss;8;2.738233022875223e-17
dlla2;gauss;8;1.8843960842405138e-11
cri_tvla_1;gauss;9;0.036073479166138095
cri_tvla_2;gauss;9;0.004700648542827305
dlla9;gauss;9;0.0004297415088866593
dlla2;gauss;9;1.3261386200489375e-17
cri_tvla_1;gauss;10;0.031421298142189955
cri_tvla_2;gauss;10;0.00026386082197700874
dlla9;gauss;10;0.007662252035713493
dlla2;gauss;10;3.1778930775741656e-07
cri_tvla_1;gauss;11;0.01519318220521126
cri_tvla_2;gauss;11;0.006791837518937857
dlla9;gauss;11;0.9056426069644218
dlla2;gauss;11;8.281425959782534e-11
cri_tvla_1;gauss;12;0.03152229083877698
cri_tvla_2;gauss;12;0.023444416876609222
dlla9;gauss;12;0.5800308397832409
dlla2;gauss;12;0.7991733752047194
cri_tvla_1;gauss;13;0.024042507013997395
cri_tvla_2;gauss;13;0.022635427291566586
dlla9;gauss;13;0.38132315987848864
dlla2;gauss;13;0.3470269686584853
cri_tvla_1;gauss;14;0.020985819920513
cri_tvla_2;gauss;14;0.009968337881432235
dlla9;gauss;14;0.2675866147772912
dlla2;gauss;14;0.5706876276054733
cri_tvla_1;gauss;15;0.04183480555031653
cri_tvla_2;gauss;15;0.02148833678144364
dlla9;gauss;15;0.3518728351941067
dlla2;gauss;15;0.8114368424621923
cri_tvla_1;gauss;16;0.047076809340572824
cri_tvla_2;gauss;16;0.019929137005226475
dlla9;gauss;16;0.8411737678185596
dlla2;gauss;16;0.1865650819359742
cri_tvla_1;gauss;17;0.017723013870439792
cri_tvla_2;gauss;17;0.024906089334466433
dlla9;gauss;17;0.22645026159744586
dlla2;gauss;17;0.4497979141010121
cri_tvla_1;gauss;18;0.018259740884033027
cri_tvla_2;gauss;18;0.0206287278770334
dlla9;gauss;18;0.14830136196084348
dlla2;gauss;18;0.3776270842947986
cri_tvla_1;gauss;19;0.016778072922159895
cri_tvla_2;gauss;19;0.036102570784644836
dlla9;gauss;19;0.3331106587601511
dlla2;gauss;19;0.19057437354404072
cri_tvla_1;gauss;20;0.012937896705345071
cri_tvla_2;gauss;20;0.012802120026563517
dlla9;gauss;20;0.7898026333804957
dlla2;gauss;20;0.25207667262782896
cri_tvla_1;gauss;21;0.011474025870724321
cri_tvla_2;gauss;21;0.03475027036156015
dlla9;gauss;21;0.7095622355251034
dlla2;gauss;21;0.4264000254778071
cri_tvla_1;gauss;0;0.07032331513936027
cri_tvla_2;gauss;0;5.567247947632944e-12
dlla9;gauss;0;0.0
dlla2;gauss;0;0.0
cri_tvla_1;gauss;1;0.03395058752362016
cri_tvla_2;gauss;1;2.1170419170456087e-11
dlla9;gauss;1;0.0
dlla2;gauss;1;0.0
cri_tvla_1;gauss;2;0.0061631525571431605
cri_tvla_2;gauss;2;2.0224716125382022e-08
dlla9;gauss;2;0.0
dlla2;gauss;2;1.500747644277064e-225
cri_tvla_1;gauss;3;0.045634192552699585
cri_tvla_2;gauss;3;1.0454291939224549e-10
dlla9;gauss;3;0.0
dlla2;gauss;3;4.229776523795837e-130
cri_tvla_1;gauss;4;0.02497895011115537
cri_tvla_2;gauss;4;2.87928242736993e-08
dlla9;gauss;4;1.602841920332478e-213
dlla2;gauss;4;8.965294710646823e-75
cri_tvla_1;gauss;5;0.0449680549720808
cri_tvla_2;gauss;5;2.4956680802117348e-08
dlla9;gauss;5;1.379217370666372e-162
dlla2;gauss;5;1.010910765808634e-61
cri_tvla_1;gauss;6;0.029180524849462035
cri_tvla_2;gauss;6;1.650088239544889e-05
dlla9;gauss;6;2.525452811090805e-12
dlla2;gauss;6;4.244850686781114e-42
cri_tvla_1;gauss;7;0.010757111123588077
cri_tvla_2;gauss;7;4.354486277641614e-05
dlla9;gauss;7;3.5328050171543053e-28
dlla2;gauss;7;6.414796055031543e-25
cri_tvla_1;gauss;8;0.04104275059353194
cri_tvla_2;gauss;8;6.250712506330475e-05
dlla9;gauss;8;1.8000681792063653e-08
dlla2;gauss;8;2.613853513884866e-10
cri_tvla_1;gauss;9;0.034981305295640745
cri_tvla_2;gauss;9;0.002387518651964956
dlla9;gauss;9;0.005558037024739603
dlla2;gauss;9;2.9429446239283706e-07
cri_tvla_1;gauss;10;0.03196427911180402
cri_tvla_2;gauss;10;5.53886125549929e-05
dlla9;gauss;10;4.923694693676369e-05
dlla2;gauss;10;5.348325978991752e-05
cri_tvla_1;gauss;11;0.028901966960994417
cri_tvla_2;gauss;11;0.005122675424330603
dlla9;gauss;11;0.5427607304195283
dlla2;gauss;11;0.004397480183816419
cri_tvla_1;gauss;12;0.03982525123100342
cri_tvla_2;gauss;12;0.009110460741514035
dlla9;gauss;12;0.3370686420973158
dlla2;gauss;12;0.07084428492236977
cri_tvla_1;gauss;13;0.015817056105101975
cri_tvla_2;gauss;13;0.028526668882174
dlla9;gauss;13;0.029250120760271475
dlla2;gauss;13;0.20082662479528052
cri_tvla_1;gauss;14;0.029932902236927125
cri_tvla_2;gauss;14;0.02993650674733353
dlla9;gauss;14;0.43840703350091637
dlla2;gauss;14;0.25207667262782896
cri_tvla_1;gauss;15;0.026052533879258034
cri_tvla_2;gauss;15;0.009448616615293408
dlla9;gauss;15;0.9226887718297467
dlla2;gauss;15;0.30428714978810134
cri_tvla_1;gauss;16;0.02365310716692157
cri_tvla_2;gauss;16;0.006693420890734418
dlla9;gauss;16;0.2575692186428819
dlla2;gauss;16;0.7573040025067375
cri_tvla_1;gauss;17;0.03825003630396403
cri_tvla_2;gauss;17;0.009335578990528079
dlla9;gauss;17;0.40294179323046775
dlla2;gauss;17;0.27882742702002916
cri_tvla_1;gauss;18;0.028101041733000827
cri_tvla_2;gauss;18;0.01367138716394774
dlla9;gauss;18;0.12687259852992608
dlla2;gauss;18;0.3334272753762081
cri_tvla_1;gauss;19;0.028236205387543713
cri_tvla_2;gauss;19;0.02721481123893064
dlla9;gauss;19;0.8810330369569703
dlla2;gauss;19;0.037435742789190214
cri_tvla_1;gauss;20;0.0043097154896349285
cri_tvla_2;gauss;20;0.02189619856699861
dlla9;gauss;20;0.3314808712866131
dlla2;gauss;20;0.878038040553861
cri_tvla_1;gauss;21;0.016405635992590557
cri_tvla_2;gauss;21;0.03276455241551847
dlla9;gauss;21;0.4454066312000019
dlla2;gauss;21;0.7431622481777368
cri_tvla_1;gauss;0;0.03844387323807043
cri_tvla_2;gauss;0;1.4892449657754226e-10
dlla9;gauss;0;0.0
dlla2;gauss;0;0.0
cri_tvla_1;gauss;1;0.009040785649111814
cri_tvla_2;gauss;1;1.3824221207496737e-11
dlla9;gauss;1;0.0
dlla2;gauss;1;0.0
cri_tvla_1;gauss;2;0.04339621409994212
cri_tvla_2;gauss;2;3.0230926204196972e-09
dlla9;gauss;2;0.0
dlla2;gauss;2;2.907143651087053e-190
cri_tvla_1;gauss;3;0.033614073093894824
cri_tvla_2;gauss;3;6.604222863778124e-11
dlla9;gauss;3;0.0
dlla2;gauss;3;2.00224086659782e-111
cri_tvla_1;gauss;4;0.015047452503335324
cri_tvla_2;gauss;4;1.8811142368232325e-08
dlla9;gauss;4;5.038274926127379e-236
dlla2;gauss;4;4.823059602200485e-62
cri_tvla_1;gauss;5;0.016189492689981072
cri_tvla_2;gauss;5;1.362775450461434e-10
dlla9;gauss;5;2.3743679595391776e-170
dlla2;gauss;5;2.748793355006226e-56
cri_tvla_1;gauss;6;0.025861306897595804
cri_tvla_2;gauss;6;2.356382152467854e-06
dlla9;gauss;6;4.151481936448294e-11
dlla2;gauss;6;1.8218334561416165e-17
cri_tvla_1;gauss;7;0.027405764747652422
cri_tvla_2;gauss;7;2.3358909064408005e-05
dlla9;gauss;7;1.7519125041261374e-47
dlla2;gauss;7;2.209110982969967e-14
cri_tvla_1;gauss;8;0.017844372800864892
cri_tvla_2;gauss;8;0.003091766857980095
dlla9;gauss;8;1.926681156328619e-06
dlla2;gauss;8;5.36031943904947e-08
cri_tvla_1;gauss;9;0.04190309882631767
cri_tvla_2;gauss;9;0.004811839630758566
dlla9;gauss;9;0.0033627121813952663
dlla2;gauss;9;2.269006213073819e-09
cri_tvla_1;gauss;10;0.02765070888027021
cri_tvla_2;gauss;10;3.5419909940645444e-05
dlla9;gauss;10;0.0040256062060581455
dlla2;gauss;10;2.9909211316190377e-12
cri_tvla_1;gauss;11;0.028736049852632253
cri_tvla_2;gauss;11;0.0025091504503698897
dlla9;gauss;11;0.07219128456874856
dlla2;gauss;11;0.14092508767395884
cri_tvla_1;gauss;12;0.0309733042979407
cri_tvla_2;gauss;12;0.026083575545953076
dlla9;gauss;12;0.41436103297120674
dlla2;gauss;12;0.043222697452766856
cri_tvla_1;gauss;13;0.009456257210529903
cri_tvla_2;gauss;13;0.01003017102991194
dlla9;gauss;13;0.22647838141232252
dlla2;gauss;13;0.03507519929203015
cri_tvla_1;gauss;14;0.036954172352594024
cri_tvla_2;gauss;14;0.026476401689685333
dlla9;gauss;14;0.6968755473291344
dlla2;gauss;14;0.11036111130823434
cri_tvla_1;gauss;15;0.02865284790621314
cri_tvla_2;gauss;15;0.03899970238191112
dlla9;gauss;15;0.29174990018430674
dlla2;gauss;15;0.043222697452766856
cri_tvla_1;gauss;16;0.058726235497085125
cri_tvla_2;gauss;16;0.04013844546628854
dlla9;gauss;16;0.6213457832960887
dlla2;gauss;16;0.059546197138315216
cri_tvla_1;gauss;17;0.010926956547043582
cri_tvla_2;gauss;17;0.016047236970655018
dlla9;gauss;17;0.33070884142561774
dlla2;gauss;17;0.07815689042028989
cri_tvla_1;gauss;18;0.018781300312890783
cri_tvla_2;gauss;18;0.02507198871721898
dlla9;gauss;18;0.9740153766757125
dlla2;gauss;18;0.22898676759006314
cri_tvla_1;gauss;19;0.006088181423163795
cri_tvla_2;gauss;19;0.019592597509042194
dlla9;gauss;19;0.3430090304260053
dlla2;gauss;19;0.3200430790548781
cri_tvla_1;gauss;20;0.03100138362604871
cri_tvla_2;gauss;20;0.019007448090427866
dlla9;gauss;20;0.8676223337941755
dlla2;gauss;20;0.9731772699092109
cri_tvla_1;gauss;21;0.029614264343360352
cri_tvla_2;gauss;21;0.01261960497187629
dlla9;gauss;21;0.717780872153583
dlla2;gauss;21;0.22898676759006314
cri_tvla_1;gauss;0;0.07690023705630304
cri_tvla_2;gauss;0;7.373150799127372e-10
dlla9;gauss;0;0.0
dlla2;gauss;0;0.0
cri_tvla_1;gauss;1;0.04224602433256429
cri_tvla_2;gauss;1;1.125823910978175e-09
dlla9;gauss;1;0.0
dlla2;gauss;1;0.0
cri_tvla_1;gauss;2;0.03303546975190491
cri_tvla_2;gauss;2;1.6619278733070958e-10
dlla9;gauss;2;0.0
dlla2;gauss;2;4.111422399823513e-202
cri_tvla_1;gauss;3;0.01268807477845016
cri_tvla_2;gauss;3;2.2091441642958245e-11
dlla9;gauss;3;0.0
dlla2;gauss;3;4.8052992823898224e-114
cri_tvla_1;gauss;4;0.011917494380685905
cri_tvla_2;gauss;4;1.6674367293333119e-10
dlla9;gauss;4;3.2847113882801867e-208
dlla2;gauss;4;1.4864652569338675e-63
cri_tvla_1;gauss;5;0.049238116764288214
cri_tvla_2;gauss;5;1.4207132000287651e-09
dlla9;gauss;5;1.9607616370420416e-122
dlla2;gauss;5;5.640090797084768e-61
cri_tvla_1;gauss;6;0.02188261743187867
cri_tvla_2;gauss;6;7.353689704725598e-07
dlla9;gauss;6;2.3126679867372955e-93
dlla2;gauss;6;4.7964471650432595e-49
cri_tvla_1;gauss;7;0.026716103770112975
cri_tvla_2;gauss;7;0.00023677112488327238
dlla9;gauss;7;1.192440292928339e-34
dlla2;gauss;7;2.3455184886377228e-24
cri_tvla_1;gauss;8;0.018084187841857263
cri_tvla_2;gauss;8;1.3919886586087316e-05
dlla9;gauss;8;0.11505667987110424
dlla2;gauss;8;3.7520582275599935e-21
cri_tvla_1;gauss;9;0.020260481734495888
cri_tvla_2;gauss;9;0.0025841103027165573
dlla9;gauss;9;0.008905978875978436
dlla2;gauss;9;9.772782858057674e-12
cri_tvla_1;gauss;10;0.0310578323263724
cri_tvla_2;gauss;10;6.5692651955765076e-06
dlla9;gauss;10;0.1820858181072625
dlla2;gauss;10;6.770550814381579e-07
cri_tvla_1;gauss;11;0.024982660115251316
cri_tvla_2;gauss;11;0.004178793478739477
dlla9;gauss;11;0.9913219604870254
dlla2;gauss;11;0.03338612229766995
cri_tvla_1;gauss;12;0.01965684249230058
cri_tvla_2;gauss;12;0.008910910769817412
dlla9;gauss;12;0.1915766190075048
dlla2;gauss;12;0.020624590588323048
cri_tvla_1;gauss;13;0.01066462009857739
cri_tvla_2;gauss;13;0.01779520253006004
dlla9;gauss;13;0.5601700116245844
dlla2;gauss;13;0.11605867079744708
cri_tvla_1;gauss;14;0.01505948598942048
cri_tvla_2;gauss;14;0.029613646222901663
dlla9;gauss;14;0.19440465214278535
dlla2;gauss;14;0.04746733522810467
cri_tvla_1;gauss;15;0.02767643346866982
cri_tvla_2;gauss;15;0.01908649382490355
dlla9;gauss;15;0.17764123435730406
dlla2;gauss;15;0.000575438847765477
cri_tvla_1;gauss;16;0.03480392057062191
cri_tvla_2;gauss;16;0.008881201458661345
dlla9;gauss;16;0.25867110174404534
dlla2;gauss;16;0.1035248998292721
cri_tvla_1;gauss;17;0.026068576340810053
cri_tvla_2;gauss;17;0.008102977385330468
dlla9;gauss;17;0.5681149134439829
dlla2;gauss;17;0.30688908983677454
