,DL-LA 9-class,DL-LA Wegener,TVLA $t$-test
0,,1.0,1.0
1,,0.75,1.0
2,,0.5,1.0
3,,0.6875,0.9992828510464111
4,0.1960760243297413,0.8125,0.998565702092822
5,0.1960760243297413,0.65625,0.9978485531392332
6,0.11083149325097487,0.5,0.9971314041856439
7,0.11083149325097487,0.36328125,0.9964142552320551
8,0.044599372960747174,0.25390625,0.9956971062784664
9,0.044599372960747174,0.171875,0.9949799573248773
10,0.011729780874723372,0.2744140625,0.9942628083712884
11,0.011729780874723372,0.38720703125,0.9935456594176995
12,0.02765657907268237,0.5,0.9928285104641104
13,0.02765657907268237,0.604736328125,0.9921113615105215
14,0.017988354741956546,0.696380615234375,0.9913942125569324
15,0.017988354741956546,0.5981903076171875,0.9906770636033435
16,0.005839699742012349,0.6854705810546875,0.9899599146497545
17,0.005839699742012349,0.5927352905273438,0.9892427656961654
18,0.016592647420997184,0.6761970520019531,0.9885256167425768
19,0.016592647420997184,0.7482776641845703,0.9878084677889879
20,0.012435103375955481,0.6681880950927734,0.9870913188353987
21,0.012435103375955481,0.5840940475463867,0.9863741698818096
22,0.008364164790320741,0.6611802577972412,0.985657020928221
23,0.008364164790320741,0.7293719053268433,0.9849398719746318
24,0.005726365815673774,0.6549810171127319,0.984222723021043
25,0.005726365815673774,0.7214014530181885,0.9835055740674541
26,0.007951284398199353,0.6494459807872772,0.9827884251138649
27,0.007951284398199353,0.7142059057950974,0.9820712761602761
28,0.007118686756855529,0.644464448094368,0.9813541272066875
29,0.007118686756855529,0.572232224047184,0.9806369782530979
30,0.007201971392295901,0.639949934091419,0.9799198292995094
31,0.007201971392295901,0.7016925520729274,0.9792026803459202
32,0.003185536350425201,0.6358337595593184,0.9784855313923313
33,0.003185536350425201,0.5679168797796592,0.9777683824387425
34,0.0018766135904421872,0.5,0.9770512334851533
35,0.0018766135904421872,0.5660302997857798,0.9763340845315645
36,0.0005030766421108348,0.49999999999999994,0.9756169355779754
37,0.0005030766421108348,0.43570733968226705,0.9748997866243864
38,0.0015253321884965338,0.37462931238042074,0.9741826376707973
39,0.0015253321884965338,0.43731465619021037,0.9734654887172084
40,0.0013353449874154014,0.3776143287523155,0.9727483397636197
41,0.0013353449874154014,0.43880716437615774,0.9720311908100303
42,0.0009097858752156889,0.38039582128067195,0.9713140418564417
43,0.0009097858752156889,0.325793913604457,0.9705968929028529
44,0.00024437000013163824,0.27574216490125997,0.9698797439492635
45,0.00024437000013163824,0.3293690385118282,0.969162594995675
46,0.00026607414815947876,0.2800323147901054,0.9684454460420857
47,0.00026607414815947876,0.33273290603830924,0.9677282970884967
48,0.00025065186687107466,0.38772482734078295,0.9670111481349078
49,0.00025065186687107466,0.4438624136703915,0.966293999181319
50,0.0001193864739325072,0.5,0.9655768502277301
51,0.0001193864739325072,0.5550580173617313,0.9648597012741412
52,3.9394804259689e-05,0.5,0.964142552320552
53,3.9394804259689e-05,0.5540384244476253,0.9634254033669629
54,3.257819862097123e-05,0.6061469051649784,0.9627082544133743
55,3.257819862097123e-05,0.6555601196383302,0.9619911054597854
56,1.9754344366063556e-05,0.6043167861104095,0.9612739565061961
57,1.9754344366063556e-05,0.5521583930552048,0.9605568075526074
58,1.58849761802737e-05,0.6025781730085694,0.9598396585990182
59,1.58849761802737e-05,0.5512890865042847,0.9591225096454294
60,7.121319280779818e-06,0.49999999999999983,0.9584053606918405
61,7.121319280779818e-06,0.44953815682642945,0.9576882117382516
62,2.5432156660881753e-05,0.4006532462520331,0.9569710627846627
63,2.5432156660881753e-05,0.4503266231260165,0.9562539138310735
64,1.743024588148539e-05,0.5,0.9555367648774846
65,1.743024588148539e-05,0.45107925004834953,0.9548196159238957
66,6.9615489176564315e-06,0.4035973456835126,0.9541024669703067
67,6.9615489176564315e-06,0.3581503800771684,0.9533853180167178
68,4.103411592233498e-06,0.3152282458933989,0.9526681690631289
69,4.103411592233498e-06,0.27520625591123565,0.9519510201095397
70,1.2890222637779376e-05,0.317653821043833,0.9512338711559509
71,1.2890222637779376e-05,0.36197407287345684,0.950516722202362
72,6.93252475373735e-06,0.31998646587697116,0.9497995732487728
73,6.93252475373735e-06,0.3637735417447348,0.9490824242951839
74,5.966509298688512e-06,0.3222319569471128,0.9483652753415953
75,5.966509298688512e-06,0.36550444111130254,0.9476481263880061
76,3.7129412319323633e-06,0.4099464518745243,0.946930977434417
77,3.7129412319323633e-06,0.4549732259372621,0.9462138284808284
78,2.4062610141598567e-06,0.4110721212260926,0.945496679527239
79,2.4062610141598567e-06,0.45553606061304636,0.9447795305736504
80,2.427945121461741e-06,0.4999999999999999,0.9440623816200615
81,2.427945121461741e-06,0.5439216962236981,0.9433452326664723
82,1.820345115899298e-06,0.4999999999999999,0.9426280837128834
83,1.820345115899298e-06,0.5433988188877014,0.9419109347592943
84,1.711496191621047e-06,0.5857883629175495,0.9411937858057053
85,1.711496191621047e-06,0.5428941814587751,0.9404766368521165
86,1.2450935204118627e-06,0.4999999999999999,0.9397594878985277
87,1.2450935204118627e-06,0.4575932524214383,0.9390423389449385
88,5.175240845629605e-07,0.41612887701128914,0.9383251899913494
89,5.175240845629605e-07,0.37601660079929716,0.9376080410377607
90,4.872731943030293e-07,0.417040519652471,0.9368908920841715
91,4.872731943030293e-07,0.37732587480524954,0.9361737431305828
92,3.2113869149391115e-07,0.41792306731574264,0.9354565941769938
93,3.2113869149391115e-07,0.4589615336578714,0.9347394452234047
94,1.7210980399702893e-06,0.5,0.934022296269816
95,1.7210980399702893e-06,0.5406109823177315,0.9333051473162269
96,2.446389752098595e-06,0.5803931690779585,0.9325879983626381
97,2.446389752098595e-06,0.6189818902353785,0.9318708494090491
98,7.356738929344563e-07,0.5795892373871788,0.93115370045546
99,7.356738929344563e-07,0.5397946186935892,0.9304365515018713
100,5.63525350460482e-07,0.5788089507461277,0.9297194025482822
101,5.63525350460482e-07,0.616697869374074,0.929002253594693
102,2.682376536639259e-07,0.6531570174877583,0.9282851046411045
103,2.682376536639259e-07,0.6879282420776608,0.9275679556875153
104,9.478735459314738e-08,0.7208028544172044,0.9268508067339264
105,9.478735459314738e-08,0.6862845114606831,0.9261336577803376
106,8.282598525220208e-08,0.6504125079960635,0.9254165088267484
107,8.282598525220208e-08,0.6135057352007328,0.9246993598731594
108,2.763173308271449e-08,0.6490944089676585,0.9239822109195703
109,2.763173308271449e-08,0.6831221759904209,0.9232650619659815
110,2.5973436020721593e-08,0.6120811628910349,0.9225479130123926
111,2.5973436020721593e-08,0.6472715069443633,0.9218307640588035
112,1.4708964409151003e-07,0.6111111546051263,0.9211136151052146
113,1.4708964409151003e-07,0.6460337791040565,0.9203964661516256
114,1.1305003511819199e-07,0.6794825785008082,0.9196793171980367
115,1.1305003511819199e-07,0.6448267155022167,0.9189621682444479
116,7.733004665143503e-08,0.6092443525006433,0.9182450192908587
117,7.733004665143503e-08,0.6436490716709108,0.9175278703372698
118,6.735133403126265e-08,0.6083455490257457,0.9168107213836809
119,6.735133403126265e-08,0.5724339297076471,0.916093572430092
120,4.457181097358532e-08,0.5362175866968943,0.9153764234765032
121,4.457181097358532e-08,0.5,0.9146592745229138
122,4.1677755950870414e-08,0.4640772683474455,0.913942125569325
123,4.1677755950870414e-08,0.5,0.9132249766157361
124,7.052722622002863e-08,0.4643650372824013,0.9125078276621469
125,7.052722622002863e-08,0.4292931006683196,0.911790678708558
126,1.9603109508634079e-07,0.4646459994628147,0.9110735297549694
127,1.9603109508634079e-07,0.5,0.9103563808013803
128,3.532391959100145e-07,0.4649204190646116,0.9096392318477913
129,3.532391959100145e-07,0.5,0.9089220828942025
130,1.755215887194019e-07,0.5348114538710006,0.9082049339406133
131,1.755215887194019e-07,0.5,0.9074877849870244
132,1.117974998299889e-07,0.5345493824798111,0.9067706360334356
133,1.117974998299889e-07,0.5,0.9060534870798465
134,1.5726389065097496e-07,0.5342931421950192,0.9053363381262575
135,1.5726389065097496e-07,0.5680841285726368,0.9046191891726686
136,3.7873847234370085e-07,0.5340425199383618,0.9039020402190797
137,3.7873847234370085e-07,0.5,0.9031848912654908
138,6.846442720628479e-07,0.5337973133753311,0.9024677423119017
139,6.846442720628479e-07,0.5671138125036893,0.9017505933583128
140,4.7289064235553074e-07,0.5335573302285678,0.9010334444047237
141,4.7289064235553074e-07,0.566643956713849,0.900316295451135
142,2.688721198501982e-07,0.5333223876441334,0.8995991464975461
143,2.688721198501982e-07,0.5,0.8988819975439567
144,4.809546366290719e-07,0.46690768839408386,0.8981648485903682
145,4.809546366290719e-07,0.43426689115987577,0.8974476996367791
146,6.754992785652897e-07,0.40228547400871784,0.8967305506831901
147,6.754992785652897e-07,0.37115419703585817,0.8960134017296013
148,7.932573806405228e-07,0.4029303047603635,0.8952962527760121
149,7.932573806405228e-07,0.43514138614051795,0.8945791038224232
150,1.3514762337069053e-06,0.4035625377913848,0.893861954868834
151,1.3514762337069053e-06,0.43556574579857915,0.8931448059152454
152,1.6349914019018208e-06,0.4041825779572551,0.8924276569616563
153,1.6349914019018208e-06,0.3736016625503295,0.8917105080080674
154,2.0702659931038294e-06,0.404790812132114,0.8909933590544785
155,2.0702659931038294e-06,0.3743870208532736,0.8902762101008891
156,1.7654859035303238e-06,0.3449305974009367,0.8895590611473005
157,1.7654859035303238e-06,0.316562019949341,0.8888419121937117
158,2.300587732551759e-06,0.28940078266192815,0.8881247632401224
159,2.300587732551759e-06,0.26354462843276905,0.8874076142865338
160,5.190715446415223e-06,0.2905847379288573,0.8866904653329446
161,5.190715446415223e-06,0.26482533502667127,0.8859733163793557
162,5.742798202672423e-06,0.29174903435948474,0.8852561674257668
163,5.742798202672423e-06,0.2660856120744244,0.8845390184721775
164,4.296750680213759e-06,0.24176102993402449,0.8838218695185891
165,4.296750680213759e-06,0.2673259922597098,0.8831047205649998
166,2.74216347901875e-06,0.29402077242779756,0.8823875716114109
167,2.74216347901875e-06,0.2685469892213208,0.881670422657822
168,3.6722412519569503e-06,0.24437206019325364,0.880953273704233
169,3.6722412519569503e-06,0.22155116599545455,0.8802361247506442
170,2.749012159009581e-06,0.20012046404782047,0.8795189757970551
171,2.749012159009581e-06,0.22288295395742114,0.8788018268434662
172,1.265547265635625e-06,0.2014889952268754,0.8780846778898772
173,1.265547265635625e-06,0.1814857161699152,0.8773675289362883
174,4.055976872381797e-06,0.20283944764252648,0.8766503799826995
175,4.055976872381797e-06,0.18285614814075662,0.87593323102911
176,4.227748949622436e-06,0.2041722017931264,0.8752160820755213
177,4.227748949622436e-06,0.18420969594097902,0.8744989331219324
178,2.340720948059609e-06,0.20548762763452072,0.8737817841683434
179,2.340720948059609e-06,0.228028270125128,0.8730646352147545
180,1.3214875844776328e-06,0.20678608492170075,0.8723474862611654
181,1.3214875844776328e-06,0.1868674318563232,0.8716303373075764
182,1.5589761318472023e-06,0.1682791881973253,0.8709131883539877
183,1.5589761318472023e-06,0.1510141140548884,0.8701960394003988
184,8.535869734602983e-07,0.16959194785642312,0.8694788904468096
185,8.535869734602983e-07,0.18946143143463456,0.8687617414932207
186,5.643842789635636e-07,0.17088998487081403,0.8680445925396318
187,5.643842789635636e-07,0.15361420486534832,0.8673274435860427
188,1.3977304260045662e-06,0.13761676203741718,0.8666102946324539
189,1.3977304260045662e-06,0.12286935016992462,0.8658931456788649
190,1.6946738228933593e-06,0.10933416799597595,0.8651759967252758
191,1.6946738228933593e-06,0.09696542614120535,0.8644588477716869
192,1.8134032986475323e-06,0.08571084035905024,0.863741698818098
193,1.8134032986475323e-06,0.07551307739531453,0.863024549864509
194,1.249433671881424e-06,0.06631112543693318,0.8623074009109202
195,1.249433671881424e-06,0.05804156686932752,0.8615902519573311
196,1.1648650705854416e-06,0.050639736752364085,0.8608731030037422
197,1.1648650705854416e-06,0.05897081769380769,0.8601559540501533
198,1.291157697588667e-06,0.0682897090290637,0.8594388050965641
199,1.291157697588667e-06,0.05989746521295916,0.8587216561429754
200,1.0389144098359548e-06,0.052370108323589605,0.8580045071893864
201,1.0389144098359548e-06,0.06082142969567003,0.8572873582357975
202,8.670695985183907e-07,0.0532329699451277,0.8565702092822083
203,8.670695985183907e-07,0.04644597044185266,0.8558530603286194
204,4.536810734135396e-07,0.05409415844364552,0.8551359113750305
205,4.536810734135396e-07,0.04724646335473581,0.8544187624214417
206,3.5800932911484503e-07,0.041138886361058224,0.8537016134678526
207,3.5800932911484503e-07,0.03571172886492605,0.8529844645142635
208,2.132520639447938e-07,0.04187894622995511,0.8522673155606746
209,2.132520639447938e-07,0.03639298322013125,0.8515501666070857
210,4.1297407082676156e-07,0.031530819438527355,0.8508330176534967
211,4.1297407082676156e-07,0.027237017553097757,0.8501158686999079
212,3.795246635657758e-07,0.0321560889937997,0.8493987197463188
213,3.795246635657758e-07,0.027807484433441425,0.8486815707927299
214,1.8884388761742964e-07,0.03278260044482986,0.847964421839141
215,1.8884388761742964e-07,0.02837972319300676,0.847247272885552
216,1.8008410739874672e-07,0.024496747354376815,0.8465301239319631
217,1.8008410739874672e-07,0.02895363270864864,0.845812974978374
218,1.0954709203535808e-07,0.02501903503807231,0.845095826024785
219,1.0954709203535808e-07,0.021557223391537678,0.8443786770711961
220,9.252752971958687e-08,0.01852168909209575,0.8436615281176074
221,9.252752971958687e-08,0.022032700368413427,0.8429443791640182
222,9.685317019663839e-08,0.01895097393515643,0.8422272302104291
223,9.685317019663839e-08,0.016254722322859756,0.8415100812568405
224,7.68828188034827e-08,0.013903447513498595,0.8407929323032514
225,7.68828188034827e-08,0.016643339097967984,0.8400757833496624
226,9.004075590511547e-08,0.014251717123426419,0.8393586343960735
227,9.004075590511547e-08,0.012170460021995773,0.8386414854424844
228,7.347456229052007e-08,0.014602755401854961,0.8379243364888955
229,7.347456229052007e-08,0.01248412458154702,0.8372071875353067
230,1.0370922276917213e-07,0.010644178705393423,0.8364900385817176
231,1.0370922276917213e-07,0.012800564588777883,0.8357728896281287
232,1.902560438038329e-07,0.010926125996180442,0.8350557406745397
233,1.902560438038329e-07,0.013119720744674103,0.8343385917209506
234,8.891348720865241e-08,0.011210818447161744,0.8336214427673619
235,8.891348720865241e-08,0.013441534272001855,0.8329042938137728
236,8.292178831839438e-08,0.01603326339552405,0.8321871448601839
237,8.292178831839438e-08,0.01376594693781477,0.831469995906595
238,4.415212545104438e-08,0.011788232313400818,0.8307528469530059
239,4.415212545104438e-08,0.01006837577517317,0.830035697999417
240,4.080695023734741e-08,0.008577249390697981,0.8293185490458281
241,4.080695023734741e-08,0.007288268216473425,0.828601400092239
242,5.171354825450319e-08,0.006177292508935968,0.82788425113865
243,5.171354825450319e-08,0.00749334124948128,0.8271671021850612
244,5.0923132059720066e-08,0.009043230657843692,0.8264499532314723
245,5.0923132059720066e-08,0.007700881584476249,0.8257328042778832
246,3.3451406162970724e-08,0.006541341405818473,0.8250156553242943
247,3.3451406162970724e-08,0.005542583190301345,0.8242985063707053
248,2.835872570156081e-08,0.006726915157970834,0.8235813574171162
249,2.835872570156081e-08,0.008123236781455408,0.8228642084635276
250,1.1340479779248841e-08,0.006914820138220037,0.8221470595099385
251,1.1340479779248841e-08,0.005871691150586287,0.8214299105563494
252,1.2118852479010115e-08,0.004973764853795303,0.8207127616027605
253,1.2118852479010115e-08,0.004202969357997438,0.8199956126491715
254,9.652646986282186e-09,0.005121450027820901,0.8192784636955827
255,9.652646986282186e-09,0.004332448363012557,0.8185613147419936
256,6.556020495358166e-09,0.0036562611541189013,0.8178441657884047
257,6.556020495358166e-09,0.00446391022464821,0.8171270168348158
258,4.658575509514244e-09,0.0037712685120963856,0.8164098678812268
259,4.658575509514244e-09,0.0031786075412939797,0.8156927189276377
260,5.067326036675022e-09,0.0038881285600731643,0.8149755699740489
261,5.067326036675022e-09,0.004732730190395279,0.81425842102046
262,4.579756537211915e-09,0.004006831720869163,0.8135412720668709
263,4.579756537211915e-09,0.003384370573457744,0.812824123113282
264,5.045177564695498e-09,0.0028520082842998294,0.812106974159693
265,5.045177564695498e-09,0.00239788486535647,0.8113898252061039
266,7.642702233507403e-09,0.0020114958125820527,0.8106726762525154
267,7.642702233507403e-09,0.0016835723003769435,0.8099555272989261
268,6.621674175077383e-09,0.0014059659021033505,0.8092383783453373
269,6.621674175077383e-09,0.001171538855187919,0.8085212293917483
270,3.349853137596031e-09,0.001457614654119812,0.8078040804381594
271,3.349853137596031e-09,0.0012159226813714284,0.8070869314845703
272,1.535901217747286e-09,0.0010120934691191111,0.8063697825309812
273,1.535901217747286e-09,0.0008406109407228079,0.8056526335773924
274,4.9370707303258855e-09,0.0010510466636521735,0.8049354846238034
275,4.9370707303258855e-09,0.0013077602826689488,0.8042183356702146
276,2.0581848074670987e-09,0.001090925472344156,0.8035011867166256
277,2.0581848074670987e-09,0.0009080914881572278,0.8027840377630364
278,2.1192038652639013e-09,0.0007542924651098604,0.8020668888094475
279,2.1192038652639013e-09,0.0006252210567052369,0.8013497398558587
280,3.812995137231268e-09,0.0007842151309561925,0.8006325909022698
281,3.812995137231268e-09,0.0006507400229134882,0.7999154419486807
282,4.037881859503907e-09,0.0005388588594742149,0.7991982929950918
283,4.037881859503907e-09,0.0004452927012427467,0.7984811440415029
284,3.3967420376466194e-09,0.000367220529892771,0.7977639950879138
285,3.3967420376466194e-09,0.00030222257201590225,0.797046846134325
286,1.6122554398816945e-09,0.0002482293340720166,0.796329697180736
287,1.6122554398816945e-09,0.00031578335912564587,0.7956125482271471
288,2.2835427590230886e-09,0.00039978849049059534,0.7948953992735581
289,2.2835427590230886e-09,0.00032975909684551934,0.7941782503199691
290,1.3615933516659598e-09,0.0002714537549340103,0.7934611013663802
291,1.3615933516659598e-09,0.00022301544769360047,0.7927439524127913
292,9.905000363473102e-10,0.0001828611597438781,0.7920268034592024
293,9.905000363473102e-10,0.00014964519599269786,0.7913096545056133
294,9.62506858579021e-10,0.0001222267263677227,0.7905925055520242
295,9.62506858579021e-10,9.964119429738327e-05,0.7898753565984353
296,1.999803972228353e-09,8.107523404471492e-05,0.7891582076448463
297,1.999803972228353e-09,6.58447547736354e-05,0.7884410586912574
298,1.0843921447825648e-09,8.528087925109246e-05,0.7877239097376685
299,1.0843921447825648e-09,6.93397027147442e-05,0.7870067607840797
300,5.384902356622925e-10,5.627370581511274e-05,0.7862896118304905
301,5.384902356622925e-10,7.297146362553421e-05,0.7855724628769015
302,5.784540390983171e-10,5.928853989266941e-05,0.7848553139233125
303,5.784540390983171e-10,4.808294134441738e-05,0.7841381649697238
304,1.2445338182127614e-09,3.8924289576019754e-05,0.7834210160161346
305,1.2445338182127614e-09,5.068245912170375e-05,0.7827038670625458
306,1.536156689456536e-09,4.1075292633022654e-05,0.7819867181089568
307,1.536156689456536e-09,5.3386923333045045e-05,0.7812695691553679
308,1.6268588217010105e-09,6.90639134815341e-05,0.7805524202017791
309,1.6268588217010105e-09,5.6198951894967044e-05,0.7798352712481897
310,1.0743464295147727e-09,4.5647983789489304e-05,0.779118122294601
311,1.0743464295147727e-09,5.912117423573474e-05,0.778400973341012
312,1.411207311218319e-09,4.8074379304074424e-05,0.7776838243874231
313,1.411207311218319e-09,3.90219957974045e-05,0.7769666754338341
314,1.67753630361692e-09,3.161817935821904e-05,0.7762495264802453
315,1.67753630361692e-09,2.5574208982234203e-05,0.7755323775266562
316,2.733041288625541e-09,2.064961038404017e-05,0.7748152285730672
317,2.733041288625541e-09,1.6644551419162808e-05,0.7740980796194783
318,7.020925526593017e-09,1.3393347552431115e-05,0.7733809306658893
319,7.020925526593017e-09,1.075893218906009e-05,0.7726637817123005
320,7.429504538342033e-09,1.4189930869642428e-05,0.7719466327587113
321,7.429504538342033e-09,1.8628869443489045e-05,0.7712294838051224
322,1.50139124674608e-08,2.4344905102719718e-05,0.7705123348515335
323,1.50139124674608e-08,1.9687982181584466e-05,0.7697951858979442
324,1.2200923880047464e-08,1.5894868808732623e-05,0.7690780369443555
325,1.2200923880047464e-08,1.2810948936923163e-05,0.7683608879907667
326,1.1857147188657708e-08,1.680557805482127e-05,0.7676437390371775
327,1.1857147188657708e-08,1.3559676136327004e-05,0.7669265900835887
328,8.75002396359486e-09,1.775671036072141e-05,0.7662094411299998
329,8.75002396359486e-09,2.3149368392847574e-05,0.7654922921764108
330,1.0730399653122691e-08,1.8749482181385812e-05,0.7647751432228218
331,1.0730399653122691e-08,1.5160506271742958e-05,0.764057994269233
332,2.3772233772879776e-08,1.2238218346433177e-05,0.7633408453156438
333,2.3772233772879776e-08,9.862987517945145e-06,0.7626236963620548
334,2.348159506551996e-08,1.2941480499398525e-05,0.7619065474084661
335,2.348159506551996e-08,1.0440831505575653e-05,0.761189398454877
336,2.185111672889468e-08,8.409679105993254e-06,0.760472249501288
337,2.185111672889468e-08,6.762737908030437e-06,0.7597551005476992
338,1.5461527680650488e-08,5.429627318105438e-06,0.7590379515941101
339,1.5461527680650488e-08,4.35238506715059e-06,0.7583208026405213
340,1.3005115003526936e-08,3.483372152598882e-06,0.7576036536869324
341,1.3005115003526936e-08,4.6239114578763795e-06,0.7568865047333434
342,9.982712517919947e-09,6.1110219371004885e-06,0.7561693557797542
343,9.982712517919947e-09,4.908992527303804e-06,0.7554522068261653
344,1.0193708302271117e-08,6.476623081796308e-06,0.7547350578725764
345,1.0193708302271117e-08,5.208120769336971e-06,0.7540179089189876
346,1.1736779493023567e-08,6.859597728996339e-06,0.7533007599653985
347,1.1736779493023567e-08,8.996208834157027e-06,0.7525836110118094
348,1.1473871134829026e-08,7.2605374879192666e-06,0.7518664620582206
349,1.1473871134829026e-08,5.850538624627867e-06,0.7511493131046318
350,1.2230301404418845e-08,4.707019179659534e-06,0.7504321641510426
351,1.2230301404418845e-08,3.7811533072523523e-06,0.7497150151974539
352,1.1199641312047653e-08,4.9891237493992e-06,0.7489978662438646
353,1.1199641312047653e-08,4.011867461059755e-06,0.7482807172902759
354,6.031817733442408e-09,5.284740174178726e-06,0.7475635683366868
355,6.031817733442408e-09,4.2538847356892445e-06,0.7468464193830978
356,5.203347041466164e-09,5.594338098989537e-06,0.7461292704295089
357,5.203347041466164e-09,7.326712121019432e-06,0.74541212147592
358,1.0301053589261198e-08,9.556157285508748e-06,0.7446949725223312
359,1.0301053589261198e-08,7.738792395048512e-06,0.743977823568742
360,3.6170246069861667e-09,6.2574020173746905e-06,0.7432606746151531
361,3.6170246069861667e-09,8.169214508642202e-06,0.742543525661564
362,3.632044551008828e-09,6.611852138149383e-06,0.7418263767079752
363,3.632044551008828e-09,8.618558614183308e-06,0.7411092277543864
364,4.15815910512009e-09,6.982251900557042e-06,0.7403920788007972
365,4.15815910512009e-09,5.648009071344369e-06,0.7396749298472085
366,3.6615785213280357e-09,4.561829716037451e-06,0.7389577808936194
367,3.6615785213280357e-09,5.966655407709126e-06,0.7382406319400303
368,5.853353464673999e-09,4.823828763878576e-06,0.7375234829864412
369,5.853353464673999e-09,6.2996184475604405e-06,0.7368063340328523
370,4.965738658151227e-09,8.194333971972063e-06,0.7360891850792635
371,4.965738658151227e-09,6.6473613813032315e-06,0.7353720361256746
372,3.712448405627338e-09,8.63376050514611e-06,0.7346548871720857
373,3.712448405627338e-09,1.11700631820232e-05,0.7339377382184964
374,3.0514978509131265e-09,9.091793779543457e-06,0.7332205892649076
375,3.0514978509131265e-09,7.389079789746196e-06,0.7325034403113188
376,3.465732257998917e-09,9.568990728771607e-06,0.7317862913577299
377,3.465732257998917e-09,7.784021567557495e-06,0.7310691424041409
378,1.9969941739444065e-09,1.0065916588996063e-05,0.7303519934505517
379,1.9969941739444065e-09,8.195675718999735e-06,0.7296348444969629
380,1.876878080998259e-09,1.0583144803982827e-05,0.7289176955433739
381,1.876878080998259e-09,1.361441640115764e-05,0.7282005465897851
382,1.4156353170114487e-09,1.744824432865341e-05,0.7274833976361961
383,1.4156353170114487e-09,1.4286893544044037e-05,0.7267662486826071
384,1.2298527868993504e-09,1.1680842513894642e-05,0.726049099729018
385,1.2298527868993504e-09,9.53597819821796e-06,0.7253319507754292
386,8.056547190950829e-10,7.773479519122645e-06,0.7246148018218403
387,8.056547190950829e-10,1.0019585841767301e-05,0.7238976528682511
388,8.987452253822213e-10,1.2866831706253568e-05,0.7231805039146622
389,8.987452253822213e-10,1.6462454039989792e-05,0.7224633549610733
390,5.298436321312381e-10,2.0986117076154183e-05,0.7217462060074844
391,5.298436321312381e-10,2.6656155694161302e-05,0.7210290570538954
392,1.498428872585278e-09,2.195224465290543e-05,0.7203119081003063
393,1.498428872585278e-09,1.8051548634072255e-05,0.7195947591467173
394,1.295117475884786e-09,1.4822053675267659e-05,0.7188776101931287
395,1.295117475884786e-09,1.2152480347389484e-05,0.7181604612395397
396,1.518469727435614e-09,9.949203717137544e-06,0.7174433122859505
397,1.518469727435614e-09,1.2738076443613147e-05,0.7167261633323616
398,6.65175780426904e-10,1.0437396445612238e-05,0.7160090143787727
399,6.65175780426904e-10,8.539905470991794e-06,0.7152918654251836
400,1.405936094069615e-09,6.97735204722143e-06,0.7145747164715948
401,1.405936094069615e-09,8.962254291890748e-06,0.7138575675180059
402,9.358169762231508e-10,7.328576297458931e-06,0.7131404185644168
403,9.358169762231508e-10,5.984173869495097e-06,0.7124232696108279
404,6.754549026190939e-10,4.8794972844523625e-06,0.711706120657239
405,6.754549026190939e-10,3.9731619614034756e-06,0.71098897170365
406,3.9967782571409374e-10,3.230663807194391e-06,0.710271822750061
407,3.9967782571409374e-10,4.181697731265329e-06,0.709554673796472
408,6.015153642650724e-10,3.4031052639563762e-06,0.7088375248428831
409,6.015153642650724e-10,2.7656532031740596e-06,0.7081203758892942
410,3.533420616049445e-10,2.2445204543013008e-06,0.7074032269357053
411,3.533420616049445e-10,1.8191009944177182e-06,0.7066860779821162
412,4.444214755251203e-10,1.4723169657463462e-06,0.7059689290285274
413,4.444214755251203e-10,1.1900382528719458e-06,0.7052517800749383
414,6.759777749162686e-10,9.605930479158038e-07,0.7045346311213494
415,6.759777749162686e-10,7.743559788000414e-07,0.7038174821677604
416,6.894796218915858e-10,6.234022029769896e-07,0.7031003332141714
417,6.894796218915858e-10,5.012174752688586e-07,0.7023831842605825
418,3.457589902858055e-10,6.608377070219638e-07,0.7016660353069935
419,3.457589902858055e-10,5.317746339763648e-07,0.7009488863534045
420,1.841863732835655e-10,4.273614786309161e-07,0.7002317373998156
421,1.841863732835655e-10,3.430060179769079e-07,0.6995145884462267
422,1.0644246155983627e-10,2.749478622799946e-07,0.6987974394926377
423,1.0644246155983627e-10,2.2011254822846827e-07,0.6980802905390487
424,6.605040979408725e-11,1.7599028003190706e-07,0.6973631415854598
425,6.605040979408725e-11,2.342096992556164e-07,0.6966459926318707
426,5.7543048191819485e-11,3.105801315060034e-07,0.695928843678282
427,5.7543048191819485e-11,4.1039930814287217e-07,0.695211694724693
428,7.005332338460172e-11,3.2981580771999384e-07,0.6944945457711039
429,7.005332338460172e-11,4.3521118033333916e-07,0.6937773968175149
430,5.739844054707655e-11,5.722874691912918e-07,0.693060247863926
431,5.739844054707655e-11,4.612766733179061e-07,0.6923430989103372
432,4.6038022798557125e-11,6.057414769389026e-07,0.6916259499567482
433,4.6038022798557125e-11,4.886457817574454e-07,0.6909088010031593
434,2.1426851108874286e-11,3.936853936953902e-07,0.6901916520495701
435,2.1426851108874286e-11,3.1677887269984657e-07,0.6894745030959812
436,1.5639676438192452e-11,4.171710120649257e-07,0.6887573541423924
437,1.5639676438192452e-11,3.359540251005546e-07,0.6880402051888032
438,2.4971661837694102e-11,2.702101989882883e-07,0.6873230562352144
439,2.4971661837694102e-11,3.561028040675584e-07,0.6866059072816253
440,2.1449240049012466e-11,2.866515718791933e-07,0.6858887583280364
441,2.1449240049012466e-11,3.7726448156345794e-07,0.6851716093744477
442,2.4857163193358262e-11,3.0393392736676415e-07,0.6844544604208586
443,2.4857163193358262e-11,2.445535104917899e-07,0.6837373114672696
444,1.2266380383194667e-11,1.965320529757792e-07,0.6830201625136805
445,1.2266380383194667e-11,1.577469392629495e-07,0.6823030135600917
446,9.246741542875661e-12,2.086121994436566e-07,0.6815858646065027
447,9.246741542875661e-12,2.749508719721962e-07,0.6808687156529137
448,1.8422272839229628e-11,2.2131916288054234e-07,0.6801515666993249
449,1.8422272839229628e-11,1.7793149650384244e-07,0.6794344177457359
450,1.338276189894887e-11,2.3467906146064435e-07,0.6787172687921469
451,1.338276189894887e-11,1.8882406504712338e-07,0.6780001198385579
452,1.2014796090964603e-11,2.487188046401898e-07,0.677282970884969
453,1.2014796090964603e-11,3.265305298205864e-07,0.6765658219313802
454,1.043387823219033e-11,2.6346610608731234e-07,0.6758486729777912
455,1.043387823219033e-11,3.454490921130551e-07,0.6751315240242021
456,3.109443478832568e-11,2.789494965096408e-07,0.6744143750706131
457,3.109443478832568e-11,2.2497834080496318e-07,0.6736972261170242
458,2.5598160128533258e-11,1.8123103736912827e-07,0.6729800771634351
459,2.5598160128533258e-11,2.3826926328400583e-07,0.6722629282098463
460,1.741298301811266e-11,3.1224282849827664e-07,0.6715457792562572
461,1.741298301811266e-11,4.0786432441756836e-07,0.6708286303026683
462,1.7655608515559508e-11,3.301140305458785e-07,0.6701114813490795
463,1.7655608515559508e-11,2.6686318001695325e-07,0.6693943323954904
464,1.0535622070567343e-11,2.154729785030504e-07,0.6686771834419014
465,1.0535622070567343e-11,1.737718851224584e-07,0.6679600344883124
466,7.162603669889229e-12,1.3997542190481997e-07,0.6672428855347234
467,7.162603669889229e-12,1.8405356114789882e-07,0.6665257365811346
468,5.71277907359804e-12,1.4837161285501152e-07,0.6658085876275457
469,5.71277907359804e-12,1.9484978889073813e-07,0.6650914386739567
470,6.998216198985908e-12,1.5719490146615475e-07,0.6643742897203677
471,6.998216198985908e-12,1.26668108556329e-07,0.6636571407667787
472,7.441394024388623e-12,1.0195050637409834e-07,0.6629399918131897
473,7.441394024388623e-12,8.196108525733896e-08,0.662222842859601
474,4.563887085725338e-12,6.581503945719524e-08,0.6615056939060119
475,4.563887085725338e-12,8.69922123168002e-08,0.6607885449524228
476,3.118446592791017e-12,6.990861803434834e-08,0.6600713959988341
477,3.118446592791017e-12,9.228686981343153e-08,0.6593542470452449
478,2.286852612400162e-12,7.421997716077057e-08,0.6586370980916562
479,2.286852612400162e-12,9.785634028550594e-08,0.6579199491380672
480,2.1693745190049704e-12,7.875862336598971e-08,0.6572028001844782
481,2.1693745190049704e-12,6.331573815159894e-08,0.6564856512308891
482,2.043948392742699e-12,5.0843152721588807e-08,0.6557685022773002
483,2.043948392742699e-12,4.0781511985263464e-08,0.6550513533237112
484,1.900176769194014e-12,5.40074771845697e-08,0.6543342043701224
485,1.900176769194014e-12,4.335238931596718e-08,0.6536170554165334
486,1.3451364970491364e-12,5.734072743303847e-08,0.6528999064629443
487,1.3451364970491364e-12,4.6062593224905584e-08,0.6521827575093555
488,1.424623787577738e-12,6.085033627938514e-08,0.6514656085557664
489,1.424623787577738e-12,4.8918369350430934e-08,0.6511802988361073
490,1.4022136683641488e-12,3.928222242586827e-08,0.6508949891164482
491,1.4022136683641488e-12,3.1509241106961344e-08,0.650609679396789
492,1.2658635450286478e-12,4.1728501667147474e-08,0.6503243696771299
493,1.2658635450286478e-12,3.349637146097156e-08,0.6500390599574708
494,2.9265974791239867e-12,4.4305809778541805e-08,0.6497537502378117
495,2.9265974791239867e-12,3.559152082357001e-08,0.6494684405181528
496,3.3128797632273367e-12,2.8559748500783204e-08,0.6491831307984933
497,3.3128797632273367e-12,3.779956633120033e-08,0.6488978210788342
498,3.1314306189979606e-12,4.9876949582495417e-08,0.6486125113591752
499,3.1314306189979606e-12,4.012555633463782e-08,0.6483272016395161
500,2.8930893002286453e-12,3.224524412977337e-08,0.6480418919198567
501,2.8930893002286453e-12,2.588429366144916e-08,0.6477565822001977
502,3.2766141257614348e-12,3.4238248518747334e-08,0.6474712724805387
503,3.2766141257614348e-12,4.51524434018236e-08,0.6471859627608796
504,4.152146686664802e-12,3.6337424944032076e-08,0.6469006530412204
505,4.152146686664802e-12,2.9211544377236285e-08,0.6466153433215612
506,3.0641588403722032e-12,3.854747052111729e-08,0.6463300336019019
507,3.0641588403722032e-12,5.071614627471524e-08,0.6460447238822429
508,3.9283312914941705e-12,4.087324386877172e-08,0.6457594141625836
509,3.9283312914941705e-12,3.29049238272592e-08,0.6454741044429246
510,3.3195092097951366e-12,4.331976881024937e-08,0.6451887947232656
511,3.3195092097951366e-12,3.489920659281048e-08,0.6449034850036065
512,3.2358245681718216e-12,4.5892238100594415e-08,0.6446181752839474
513,3.2358245681718216e-12,3.699766226933447e-08,0.644332865564288
514,2.391097386177549e-12,2.979491984257937e-08,0.644047555844629
515,2.391097386177549e-12,2.396875930527256e-08,0.6437622461249698
516,2.1153454458957298e-12,3.1594509693913344e-08,0.6434769364053107
517,2.1153454458957298e-12,2.543431168863503e-08,0.6431916266856516
518,1.9457110183866773e-12,2.0453466599773926e-08,0.6429063169659923
519,1.9457110183866773e-12,1.643065547569468e-08,0.6426210072463332
520,1.391186660320563e-12,1.3185187907166463e-08,0.6423356975266741
521,1.391186660320563e-12,1.0569724270644951e-08,0.642050387807015
522,9.460369830193534e-13,8.464266103512068e-09,0.641765078087356
523,9.460369830193534e-13,1.1242468210050656e-08,0.6414797683676967
524,9.813934590465459e-13,1.4889217806035596e-08,0.6411944586480377
525,9.813934590465459e-13,1.9661993964013212e-08,0.6409091489283785
526,8.158966935679966e-13,1.5811329608209825e-08,0.6406238392087193
527,8.158966935679966e-13,1.2701560071442101e-08,0.6403385294890604
528,7.494063046276424e-13,1.0192857563636571e-08,0.6400532197694011
529,7.494063046276424e-13,8.17122969354557e-09,0.639767910049742
530,9.597774771092424e-13,6.543857034287989e-09,0.6394826003300829
531,9.597774771092424e-13,5.235250165492115e-09,0.6391972906104237
532,3.9228764104459786e-13,4.184086426747984e-09,0.6389119808907644
533,3.9228764104459786e-13,3.340609637883381e-09,0.6386266711711053
534,2.4282852443240586e-13,4.4597601461387155e-09,0.6383413614514464
535,2.4282852443240586e-13,3.5631995573219572e-09,0.6380560517317873
536,3.425670718530346e-13,2.8440256918234938e-09,0.637770742012128
537,3.425670718530346e-13,3.798822410478211e-09,0.637485432292469
538,5.402442673179205e-13,5.0596957075444555e-09,0.6372001225728098
539,5.402442673179205e-13,4.04813082978953e-09,0.6369148128531507
540,3.0844243223236274e-13,5.385560633345952e-09,0.6366295031334913
541,3.0844243223236274e-13,7.144649594681078e-09,0.6363441934138323
542,3.1078534819162094e-13,5.729812629326389e-09,0.6360588836941732
543,3.1078534819162094e-13,4.590549460099675e-09,0.6357735739745141
544,2.6238001798810127e-13,6.093335050000353e-09,0.6354882642548549
545,2.6238001798810127e-13,8.065509300440477e-09,0.6352029545351957
546,2.475760362086462e-13,6.477045721328914e-09,0.6349176448155367
547,2.475760362086462e-13,5.196226410059752e-09,0.6346323350958777
548,1.4653297799865933e-13,4.164542612077771e-09,0.6343470253762183
549,1.4653297799865933e-13,3.334393781444733e-09,0.6340617156565592
550,3.2120001263447137e-13,4.430784643422584e-09,0.6337764059369
551,3.2120001263447137e-13,5.8714010276130835e-09,0.6334910962172411
552,2.2586560647776916e-12,4.7119629691021944e-09,0.6332057864975819
553,2.2586560647776916e-12,6.23713472134252e-09,0.6329204767779226
554,2.0470046342427824e-12,5.0087926968613315e-09,0.6326351670582635
555,2.0470046342427824e-12,4.01839871927815e-09,0.6323498573386045
556,1.3818449790371195e-12,5.322016852530461e-09,0.6320645476189453
557,1.3818449790371195e-12,4.272507771390461e-09,0.6317792378992861
558,1.5156282661719291e-12,5.652407193258249e-09,0.631493928179627
559,1.5156282661719291e-12,7.457711987416451e-09,0.6312086184599681
560,1.7936396742616547e-12,9.81309522531334e-09,0.6309233087403088
561,1.7936396742616547e-12,1.287778793344865e-08,0.6306379990206497
562,1.6153520319904441e-12,1.0395826181207075e-08,0.6303526893009905
563,1.6153520319904441e-12,1.362833858634252e-08,0.6300673795813314
564,2.957098031865683e-12,1.100872659944323e-08,0.6297820698616723
565,2.957098031865683e-12,8.8838776547326e-09,0.6294967601420131
566,3.1488631074584765e-12,1.1653116411866716e-08,0.629211450422354
567,3.1488631074584765e-12,1.5245220870849485e-08,0.6289261407026949
568,1.8295762592698446e-12,1.2330361844437676e-08,0.6286408309830358
569,1.8295762592698446e-12,1.6114857099565573e-08,0.6283555212633766
570,1.5432327209492843e-12,1.3041876584055648e-08,0.6280702115437176
571,1.5432327209492843e-12,1.054452075696807e-08,0.6277849018240583
572,1.4136261509758592e-12,1.3789122960013005e-08,0.6274995921043992
573,1.4136261509758592e-12,1.7985203756289484e-08,0.62721428238474
574,1.652302171114561e-12,1.4573613139882435e-08,0.626928972665081
575,1.652302171114561e-12,1.1797594497091208e-08,0.626643662945422
576,2.001001712093229e-12,9.541048177390546e-09,0.6263583532257627
577,2.001001712093229e-12,1.2471743449158245e-08,0.6260730435061035
578,1.64768685687694e-12,1.6260630047788868e-08,0.6257877337864444
579,1.64768685687694e-12,2.1146224455947616e-08,0.6255024240667852
580,1.4103666608952331e-12,2.7429613324562687e-08,0.625217114347126
581,1.4103666608952331e-12,2.2302544340242194e-08,0.6249318046274668
582,1.2181359719763267e-12,1.8116067747267828e-08,0.6246464949078078
583,1.2181359719763267e-12,2.351364177344526e-08,0.624361185188149
584,9.366862615632103e-13,1.9111289287437935e-08,0.6240758754684896
585,9.366862615632103e-13,2.4781688027325802e-08,0.6237905657488303
586,7.877838054969865e-13,2.0153942976501084e-08,0.6235052560291713
587,7.877838054969865e-13,1.637446833163578e-08,0.6232199463095122
588,3.4129787540767605e-13,1.3290900611254525e-08,0.622934636589853
589,3.4129787540767605e-13,1.0777638238511486e-08,0.6226493268701938
590,2.3076008343346577e-13,1.4027715972553502e-08,0.6223640171505347
591,2.3076008343346577e-13,1.821211583651462e-08,0.6220787074308756
592,1.2982052403485006e-13,1.4800066717733162e-08,0.6217933977112164
593,1.2982052403485006e-13,1.9196719361604847e-08,0.6215080879915573
594,4.979052056781855e-14,2.4837699378200436e-08,0.6212227782718983
595,4.979052056781855e-14,2.0227506576917613e-08,0.6209374685522391
596,3.539496367911693e-14,1.645719411275063e-08,0.6206521588325801
597,3.539496367911693e-14,1.3376842546126497e-08,0.6203668491129208
598,4.0331490070561866e-14,1.0862698833365114e-08,0.6200815393932617
599,4.0331490070561866e-14,1.4106705343192057e-08,0.6197962296736026
600,3.843693049279313e-14,1.1462090035970876e-08,0.6195109199539435
601,3.843693049279313e-14,9.304452535533873e-09,0.6192256102342844
602,3.9480667480204895e-14,7.54585596259382e-09,0.618940300514625
603,3.9480667480204895e-14,6.113905942116575e-09,0.6186549907949661
604,3.024587613312394e-14,7.968728991526709e-09,0.6183696810753067
605,3.024587613312394e-14,6.460314718527567e-09,0.6180843713556478
606,2.7228358389878473e-14,8.412317901004602e-09,0.6177990616359886
607,2.7228358389878473e-14,6.823909357291207e-09,0.6175137519163296
608,2.475200456797044e-14,5.53027023823999e-09,0.6172284421966704
609,2.475200456797044e-14,7.205414936078872e-09,0.6169431324770113
610,2.334859453464153e-14,9.365115747227563e-09,0.6166578227573521
611,2.334859453464153e-14,7.605581318800964e-09,0.6163725130376929
612,2.4193693078181505e-14,6.17089731728541e-09,0.6160872033180338
613,2.4193693078181505e-14,5.00221885574216e-09,0.6158018935983746
614,2.118368056299802e-14,6.515086828841661e-09,0.6155165838787154
615,2.118368056299802e-14,5.284263186167634e-09,0.6152312741590564
616,1.137094786979594e-14,4.282027834772286e-09,0.6149459644393974
617,1.137094786979594e-14,3.4667070375121194e-09,0.6146606547197381
618,7.189963036364261e-15,2.804072216425539e-09,0.6143753450000791
619,7.189963036364261e-15,2.266039208815467e-09,0.6140900352804197
620,2.744284863804929e-15,1.829589199903533e-09,0.6138047255607607
621,2.744284863804929e-15,1.475874596358873e-09,0.6135194158411015
622,1.7523787478077133e-15,1.189479000744081e-09,0.6132341061214424
623,1.7523787478077133e-15,1.5639433139505988e-09,0.6129487964017832
624,7.112136014835989e-16,1.2611896671010893e-09,0.6126634866821241
625,7.112136014835989e-16,1.656661312160171e-09,0.612378176962465
626,6.31611361802983e-16,1.33673046142123e-09,0.6120928672428059
627,6.31611361802983e-16,1.7542405096733796e-09,0.6118075575231468
628,4.795897012998367e-16,2.296648829021256e-09,0.6115222478034876
629,4.795897012998367e-16,1.856900850843016e-09,0.6112369380838285
630,6.321250621395465e-16,1.5000172062591916e-09,0.6109516283641694
631,6.321250621395465e-16,1.210650760359899e-09,0.6106663186445103
632,4.543696943252877e-16,9.762438933461264e-10,0.6103810089248511
633,4.543696943252877e-16,1.2825018927119236e-09,0.610095699205192
634,5.38141451682753e-16,1.0347731143087283e-09,0.6098103894855328
635,5.38141451682753e-16,1.3581308780391323e-09,0.6095250797658738
636,2.724346039469798e-16,1.096415339866835e-09,0.6092397700462145
637,2.724346039469798e-16,1.4377095610795132e-09,0.6089544603265554
638,2.4567075955220115e-16,1.88080808228136e-09,0.6086691506068962
639,2.4567075955220115e-16,2.454709596397345e-09,0.608383840887237
640,1.7399361147515676e-16,1.98851179095828e-09,0.6080985311675781
641,1.7399361147515676e-16,1.6094361669876103e-09,0.6078132214479188
642,8.727292761304023e-17,1.3014831150384005e-09,0.6075279117282599
643,8.727292761304023e-17,1.0515360515834326e-09,0.6072426020086007
644,1.2540477122735528e-16,8.488526064240494e-10,0.6069572922889416
645,1.2540477122735528e-16,6.846435678107335e-10,0.6066719825692822
646,9.486742031856721e-17,5.517248330129284e-10,0.6063866728496233
647,9.486742031856721e-17,4.4423002086923097e-10,0.606101363129964
648,1.0247411519325597e-16,3.5737343128923657e-10,0.605816053410305
649,1.0247411519325597e-16,2.87254742498208e-10,0.6055307436906457
650,5.897798341504798e-17,3.793990554306592e-10,0.6052454339709866
651,5.897798341504798e-17,4.999332630210561e-10,0.6049601242513274
652,3.405275065697848e-17,4.026363539275718e-10,0.6046748145316683
653,3.405275065697848e-17,5.300679446362335e-10,0.6043895048120091
654,4.2365744210961676e-17,6.962193100053769e-10,0.6041041950923501
655,4.2365744210961676e-17,5.61820904222543e-10,0.603818885372691
656,2.930741511901982e-17,7.372624852653467e-10,0.6035335756530318
657,2.930741511901982e-17,5.952679260214211e-10,0.6032482659333727
658,2.0176562516141673e-17,4.802130903354102e-10,0.6029629562137135
659,2.0176562516141673e-17,6.304877894641768e-10,0.6026776464940544
660,1.5291560615501844e-17,8.259012352179139e-10,0.6023923367743954
661,1.5291560615501844e-17,6.675623635577967e-10,0.6021070270547362
662,1.1923432516279699e-17,8.736967171276891e-10,0.601821717335077
663,1.1923432516279699e-17,1.140899002510758e-09,0.6015364076154178
664,8.808030811943409e-18,1.4864694941074486e-09,0.6012510978957588
665,8.808030811943409e-18,1.2054763260749137e-09,0.6009657881760998
666,9.734089055569677e-18,9.767685247364986e-10,0.6006804784564406
667,9.734089055569677e-18,1.273294192566486e-09,0.6003951687367814
668,7.502217382652166e-18,1.0322683352682312e-09,0.6001098590171223
669,7.502217382652166e-18,8.361587439827029e-10,0.5998245492974632
670,6.125686557200578e-18,1.0905667037430407e-09,0.5995392395778041
671,6.125686557200578e-18,8.838499141534179e-10,0.5992539298581447
672,6.381634399782501e-18,7.157132764109473e-10,0.5989686201384858
673,6.381634399782501e-18,5.79075778679016e-10,0.5986833104188265
674,5.484617142684048e-18,4.681327383172819e-10,0.5983980006991676
675,5.484617142684048e-18,6.125524681192886e-10,0.5981126909795083
676,4.2989019615204074e-18,4.954584331688428e-10,0.5978273812598491
677,4.2989019615204074e-18,4.004150311973874e-10,0.59754207154019
678,9.586334210827225e-18,5.242060286176743e-10,0.5972567618205309
679,9.586334210827225e-18,4.238720230587428e-10,0.5969714521008718
680,4.307492981389632e-18,3.42459027828832e-10,0.5966861423812126
681,4.307492981389632e-18,4.485551298343133e-10,0.5964008326615535
682,2.905534753802195e-18,5.862276902401297e-10,0.5961155229418944
683,2.905534753802195e-18,4.745203577586256e-10,0.5958302132222352
684,2.2889208454785113e-18,6.196384109730227e-10,0.595544903502576
685,2.2889208454785113e-18,5.018258788842932e-10,0.5952595937829168
686,1.0697088615601809e-18,6.547444949576462e-10,0.5949742840632577
687,1.0697088615601809e-18,5.305320982297436e-10,0.5946889743435986
688,6.244896122949232e-19,4.29530773556011e-10,0.5944036646239397
689,6.244896122949232e-19,3.474730802604028e-10,0.5941183549042804
690,7.973660599783368e-19,2.8086249433122396e-10,0.5938330451846212
691,7.973660599783368e-19,2.2683678013132564e-10,0.5935477354649621
692,8.366129676646939e-19,1.830550738813768e-10,0.5932624257453031
693,8.366129676646939e-19,2.40233620937692e-10,0.5929771160256438
694,3.787620160804232e-19,3.14588341153068e-10,0.5926918063059847
695,3.787620160804232e-19,2.5433874374727065e-10,0.5924064965863256
696,3.424472202358599e-19,3.3278024772899966e-10,0.5921211868666666
697,3.424472202358599e-19,4.3447762253895255e-10,0.5918358771470074
698,3.207920685781492e-19,3.519122378972734e-10,0.5915505674273482
699,3.207920685781492e-19,4.590779581246832e-10,0.5912652577076891
700,2.6507895356578786e-19,3.720268523599235e-10,0.5909799479880299
701,2.6507895356578786e-19,3.012390738871599e-10,0.5906946382683709
702,1.4770908466974433e-19,2.437243320559181e-10,0.5904093285487118
703,1.4770908466974433e-19,1.9703275787215618e-10,0.5901240188290525
704,1.8005738146485587e-19,2.578362191330655e-10,0.5898387091093935
705,1.8005738146485587e-19,2.0854726601459923e-10,0.5895533993897344
706,1.1758344535869014e-19,1.685461421410176e-10,0.5892680896700752
707,1.1758344535869014e-19,1.3610943953431491e-10,0.5889827799504159
708,8.133475324726196e-20,1.0982827362269907e-10,0.5886974702307568
709,8.133475324726196e-20,8.855190584682145e-11,0.5884121605110978
710,6.736469472945437e-20,7.134127530551579e-11,0.5881268507914384
711,6.736469472945437e-20,9.388796950234347e-11,0.5878415410717793
712,5.601605989947158e-20,7.567889292764026e-11,0.5875562313521204
713,5.601605989947158e-20,6.095376071439228e-11,0.5872709216324613
714,2.5081174041900383e-20,4.905558861453058e-11,0.5869856119128022
715,2.5081174041900383e-20,6.467162128166939e-11,0.5867003021931428
716,1.637978307417967e-20,5.207428028033105e-11,0.5864149924734838
717,1.637978307417967e-20,4.189833234459677e-11,0.5861296827538246
718,1.4385193275655433e-20,5.5260565630034704e-11,0.5858443730341655
719,1.4385193275655433e-20,7.273045643139991e-11,0.5855590633145062
720,1.081927142025268e-20,5.862270084869559e-11,0.5852737535948472
721,1.081927142025268e-20,7.709176237690135e-11,0.5849884438751881
722,1.3294860109893571e-20,6.216929442035981e-11,0.5847031341555289
723,1.3294860109893571e-20,5.009667436542175e-11,0.5844178244358698
724,1.54146145803103e-20,4.0337423267285926e-11,0.5841325147162107
725,1.54146145803103e-20,3.2454506079005654e-11,0.5838472049965516
726,5.593686716331492e-21,2.6092202725707806e-11,0.5835618952768924
727,5.593686716331492e-21,2.0961224967360236e-11,0.5832765855572333
728,7.265374498387266e-21,1.6826509285132145e-11,0.5829912758375742
729,7.265374498387266e-21,1.3497213890848215e-11,0.5827059661179151
730,2.4831902491493907e-21,1.0818529416155195e-11,0.5824206563982559
731,2.4831902491493907e-21,8.66498056446422e-12,0.5821353466785968
732,1.3833764729349602e-21,6.934952257953929e-12,0.5818500369589377
733,1.3833764729349602e-21,5.5462204786720474e-12,0.5815647272392785
734,9.445555558244373e-22,4.432306678179591e-12,0.5812794175196194
735,9.445555558244373e-22,3.5395066487663997e-12,0.5809941077999602
736,6.413752938436442e-22,4.727550304809722e-12,0.5807087980803012
737,6.413752938436442e-22,6.301123780791093e-12,0.5804234883606421
738,6.303414595304974e-22,5.040717985770451e-12,0.5801381786409829
739,6.303414595304974e-22,6.712835121900371e-12,0.5798528689213236
740,4.417442290548202e-22,8.921036276749535e-12,0.5795675592016646
741,4.417442290548202e-22,7.149031799316413e-12,0.5792822494820056
742,5.8808678795916e-22,5.724787516060065e-12,0.5789969397623463
743,5.8808678795916e-22,4.5809226158848474e-12,0.5787116300426871
744,4.451524312495826e-22,6.0977902976905176e-12,0.5784263203230281
745,4.451524312495826e-22,8.100172488429667e-12,0.578141010603369
746,2.281535176426321e-22,6.492922974680799e-12,0.5778557008837097
747,2.281535176426321e-22,8.617918389461186e-12,0.5775703911640505
748,3.6720415852029193e-22,6.9113650078077326e-12,0.5772850814443916
749,3.6720415852029193e-22,5.538697174616647e-12,0.5769997717247324
750,1.9915991702172659e-22,4.435422058032262e-12,0.5767144620050731
751,1.9915991702172659e-22,3.549335222600502e-12,0.576429152285414
752,1.3315425265579746e-22,4.724386390010321e-12,0.576143842565755
753,1.3315425265579746e-22,6.2756030630967504e-12,0.575858532846096
754,7.566322081299754e-23,5.030510506531575e-12,0.5755732231264367
755,7.566322081299754e-23,4.0295261198973674e-12,0.5752879134067775
756,7.441488506201008e-23,3.225391169669886e-12,0.5750026036871183
757,7.441488506201008e-23,4.291325516906584e-12,0.5747172939674593
758,6.884802631898448e-23,3.4366370676126322e-12,0.5744319842478001
759,6.884802631898448e-23,2.7501972589338323e-12,0.5741466745281409
760,1.0692960680453638e-22,3.660509382025994e-12,0.5738613648084818
761,1.0692960680453638e-22,2.9307909456101234e-12,0.5735760550888228
762,1.0206001098665607e-22,3.8976880645489436e-12,0.5732907453691636
763,1.0206001098665607e-22,3.1222135739869816e-12,0.5730054356495045
764,6.625376685798561e-23,2.4992392343490773e-12,0.5727201259298453
765,6.625376685798561e-23,1.999143179376582e-12,0.5724348162101862
766,7.10587350907346e-23,1.597982297358002e-12,0.5721495064905271
767,7.10587350907346e-23,1.2764187216183394e-12,0.5718641967708679
768,1.0241027431674696e-22,1.0188462284463736e-12,0.5715788870512089
769,1.0241027431674696e-22,8.126799145591915e-13,0.5712935773315497
770,7.153852866232935e-23,6.477791203590983e-13,0.5710082676118906
771,7.153852866232935e-23,8.680179364535736e-13,0.5707229578922313
772,5.65982910201871e-23,1.1607950780152238e-12,0.5704376481725724
773,5.65982910201871e-23,9.268114127901728e-13,0.5701523384529132
774,5.159454005323696e-23,7.394762665782538e-13,0.5698670287332541
775,5.159454005323696e-23,5.895970104809284e-13,0.5695817190135949
776,2.284524688652526e-23,4.697703269386571e-13,0.5692964092939357
777,2.284524688652526e-23,3.740384677746118e-13,0.5690110995742768
778,4.425444484782316e-23,2.9761062846079735e-13,0.5687257898546174
779,4.425444484782316e-23,2.366372876997456e-13,0.5684404801349582
780,2.8697899666683904e-23,1.8802759228177537e-13,0.5681551704152993
781,2.8697899666683904e-23,2.53321706709085e-13,0.56786986069564
782,7.978090954791576e-23,3.406065079264524e-13,0.5675845509759808
783,7.978090954791576e-23,2.7108905754131145e-13,0.5672992412563218
784,1.1477941019918027e-22,2.1561311343446202e-13,0.5670139315366627
785,1.1477941019918027e-22,2.9000338339552507e-13,0.5667286218170037
786,1.3243210935030337e-22,3.892843778167632e-13,0.5664433120973443
787,1.3243210935030337e-22,5.215192107238379e-13,0.5661580023776853
788,1.384127454457289e-22,6.97294856572606e-13,0.5658726926580261
789,1.384127454457289e-22,9.30483774476355e-13,0.5655873829383669
790,1.566698663021257e-22,7.438810634870976e-13,0.5653020732187078
791,1.566698663021257e-22,9.91858616164111e-13,0.5650167634990486
792,1.85966599691396e-22,7.933232054218452e-13,0.5647314537793895
793,1.85966599691396e-22,6.340929650675555e-13,0.5644461440597304
794,1.1458873094147283e-22,5.064763486556058e-13,0.5641608343400712
795,1.1458873094147283e-22,6.763404176842482e-13,0.563875524620412
796,2.944496754537909e-22,5.404766176154675e-13,0.563590214900753
797,2.944496754537909e-22,4.3161173863540284e-13,0.563304905181094
798,1.9407360628039312e-22,5.765734696305481e-13,0.5630195954614348
799,1.9407360628039312e-22,4.606549270727269e-13,0.5627342857417754
800,2.23260750176988e-22,3.6779248882251343e-13,0.5624489760221165
801,2.23260750176988e-22,4.914941970415593e-13,0.5621636663024574
802,1.821511918083867e-22,6.555326523281048e-13,0.5618783565827982
803,1.821511918083867e-22,5.242305297963609e-13,0.561593046863139
804,1.0871715206173426e-22,6.986478348552968e-13,0.56130773714348
805,1.0871715206173426e-22,9.29310639891679e-13,0.5610224274238209
806,1.278875657495843e-22,7.44365831836111e-13,0.5607371177041617
807,1.278875657495843e-22,5.95823969677302e-13,0.5604518079845026
808,1.334914158134236e-22,4.766027775262823e-13,0.5601664982648434
809,1.334914158134236e-22,3.809809471138409e-13,0.5598811885451844
810,9.003103320470196e-23,5.081022613835014e-13,0.5595958788255252
811,9.003103320470196e-23,4.063486723482599e-13,0.5593105691058661
812,6.115012783418046e-23,5.415145903482762e-13,0.5590252593862068
813,6.115012783418046e-23,4.332694690133604e-13,0.5587399496665477
814,6.19030495501591e-23,3.464300955289045e-13,0.5584546399468886
815,6.19030495501591e-23,2.768112644616904e-13,0.5581693302272294
816,2.555674782010143e-22,2.210362662919145e-13,0.5578840205075704
817,2.555674782010143e-22,1.763826860138405e-13,0.5575987107879111
818,1.984895130899827e-22,1.4065721391413905e-13,0.557313401068252
819,1.984895130899827e-22,1.1209408912318128e-13,0.5570280913485929
820,2.0735401029649995e-22,8.927277843346294e-14,0.5567427816289339
821,2.0735401029649995e-22,1.1981410127467623e-13,0.5564574719092746
822,2.0713262998438586e-22,9.546524556978805e-14,0.5561721621896156
823,2.0713262998438586e-22,1.2802475136776494e-13,0.5558868524699564
824,1.0172972248627254e-22,1.7136458115767776e-13,0.5556015427502973
825,1.0172972248627254e-22,1.3675453598676586e-13,0.5553162330306382
826,6.278495762786188e-23,1.8290823761689764e-13,0.5550309233109789
827,6.278495762786188e-23,1.46033444985415e-13,0.5547456135913198
828,4.531500753268985e-23,1.1651663378333538e-13,0.5544603038716606
829,4.531500753268985e-23,9.29054174130302e-14,0.5541749941520016
830,2.289368780896976e-23,1.244400337867619e-13,0.5538896844323424
831,2.289368780896976e-23,9.926845755543855e-14,0.5536043747126833
832,9.736708686560796e-24,7.91372822046595e-14,0.5533190649930242
833,9.736708686560796e-24,6.304790485373552e-14,0.5530337552733652
834,1.023604898428444e-23,5.019735333460552e-14,0.552748445553706
835,1.023604898428444e-23,3.994041478320822e-14,0.5524631358340468
836,1.5407957215793447e-23,5.369171970696975e-14,0.5521778261143877
837,1.5407957215793447e-23,4.274026229109711e-14,0.5518925163947286
838,9.889737188424096e-24,5.741106815528636e-14,0.5516072066750694
839,9.889737188424096e-24,7.697420229743892e-14,0.5513218969554102
840,9.777777650695606e-24,6.13686741952048e-14,0.5510365872357511
841,9.777777650695606e-24,4.88956821937975e-14,0.5507512775160921
842,1.1134071998477175e-23,6.557852272837837e-14,0.550465967796433
843,1.1134071998477175e-23,8.779086394592642e-14,0.5501806580767737
844,1.790452951086636e-23,7.005534181103635e-14,0.5498953483571146
845,1.790452951086636e-23,9.371316301271157e-14,0.5496100386374554
846,1.2394748646796511e-23,1.2513020164352314e-13,0.5493247289177964
847,1.2394748646796511e-23,1.0000443703851793e-13,0.5490394191981371
848,1.0110009621481272e-23,7.987273206821873e-14,0.548754109478478
849,1.0110009621481272e-23,6.375303903075175e-14,0.5484687997588189
850,3.690762006640286e-24,5.085425048200416e-14,0.5481834900391598
851,3.690762006640286e-24,4.053951663133772e-14,0.5478981803195005
852,4.239546579186086e-24,3.229652093349247e-14,0.5476128705998413
853,4.239546579186086e-24,4.332484263609032e-14,0.5473275608801824
854,3.604136354798641e-24,3.4530872333569594e-14,0.5470422511605233
855,3.604136354798641e-24,2.7504585067446532e-14,0.5467569414408641
856,2.4345046171656216e-24,3.690837044850795e-14,0.5464716317212049
857,2.4345046171656216e-24,2.941137012967593e-14,0.5461863220015459
858,2.1480418629168687e-24,2.342252709550209e-14,0.5459010122818867
859,2.1480418629168687e-24,1.864151732073285e-14,0.5456157025622276
860,1.491516464945106e-24,2.5049664527680844e-14,0.5453303928425685
861,1.491516464945106e-24,1.9945361873485743e-14,0.5450450831229092
862,1.4108642617938157e-24,2.6781566722394763e-14,0.5447597734032501
863,1.4108642617938157e-24,3.589580486165067e-14,0.544474463683591
864,5.488187608166282e-25,2.862443178188171e-14,0.5441891539639319
865,5.488187608166282e-25,2.2811805986345483e-14,0.5439038442442726
866,3.413471993470713e-25,3.0584790993258625e-14,0.5436185345246137
867,3.413471993470713e-25,4.0932679017718655e-14,0.5433332248049544
868,1.2452784633392775e-25,3.26695248567709e-14,0.5430479150852954
869,1.2452784633392775e-25,4.3690637441537585e-14,0.5427626053656363
870,8.010796976354404e-26,5.832544662530289e-14,0.5424772956459771
871,8.010796976354404e-26,4.662058988334257e-14,0.542191985926318
872,7.33787250252464e-26,6.219171000701952e-14,0.5419066762066589
873,7.33787250252464e-26,8.281645347803083e-14,0.5416213664869998
874,7.181486688425139e-26,6.629496739482391e-14,0.5413360567673406
875,7.181486688425139e-26,5.303634242831355e-14,0.5410507470476814
876,4.474499471958502e-26,7.06485291169573e-14,0.5407654373280223
877,4.474499471958502e-26,5.654337455729401e-14,0.5404801276083631
878,3.5743412654086975e-26,7.526638219255809e-14,0.5401948178887039
879,3.5743412654086975e-26,6.026491292223199e-14,0.5399095081690449
880,1.8862368062704423e-26,4.8223463636094397e-14,0.5396241984493858
881,1.8862368062704423e-26,3.856412817829172e-14,0.5393388887297267
882,2.0130936437011326e-26,3.082057650254411e-14,0.5390535790100676
883,2.0130936437011326e-26,4.112546705903467e-14,0.5387682692904083
884,1.2745205463363789e-26,3.288159675425026e-14,0.5384829595707493
885,1.2745205463363789e-26,2.627411813352688e-14,0.5381976498510901
886,8.019182141351622e-27,2.098154445622891e-14,0.537912340131431
887,8.019182141351622e-27,1.6744865912928718e-14,0.5376270304117716
888,7.458394392894669e-27,1.3355546573585798e-14,0.5373417206921126
889,7.458394392894669e-27,1.0645799485348568e-14,0.5370564109724534
890,8.365955259565662e-27,8.48071308768669e-15,0.5367711012527945
891,8.365955259565662e-27,6.751880987260336e-15,0.5364857915331351
892,3.913167191288472e-27,9.068337249073515e-15,0.5362004818134761
893,3.913167191288472e-27,7.222799391962499e-15,0.535915172093817
894,2.9436491660149865e-27,5.749403481591999e-15,0.5356298623741579
895,2.9436491660149865e-27,4.5738319527908046e-15,0.5353445526544987
896,1.2705415698482338e-27,3.63645850031751e-15,0.5350592429348396
897,1.2705415698482338e-27,2.8894748081919303e-15,0.5347739332151804
898,6.93694938677416e-28,2.2945729056724696e-15,0.5344886234955213
899,6.93694938677416e-28,1.8210769835127745e-15,0.534203313775862
900,1.3785412443430915e-27,1.4444385331616095e-15,0.5339180040562029
901,1.3785412443430915e-27,1.1450249729975092e-15,0.5336326943365439
902,1.535910833676124e-27,1.549347149211916e-15,0.5333473846168848
903,1.535910833676124e-27,2.0927756617483272e-15,0.5330620748972257
904,8.621012238104628e-28,2.8218853782468125e-15,0.5327767651775666
905,8.621012238104628e-28,3.7984061566409285e-15,0.5324914554579074
906,4.341164237045166e-28,5.1040079878101665e-15,0.5322061457382483
907,4.341164237045166e-28,6.846549695254642e-15,0.5319208360185891
908,4.253872771547092e-28,5.457228462381134e-15,0.5316355262989301
909,4.253872771547092e-28,4.347258058882776e-15,0.531350216579271
910,3.4605592723376453e-28,3.46100664910486e-15,0.5310649068596118
911,3.4605592723376453e-28,4.648695500316212e-15,0.5307795971399525
912,2.8605768697241896e-28,3.7025402826163956e-15,0.5304942874202935
913,2.8605768697241896e-28,2.9472243428002036e-15,0.5302089777006342
914,3.3358720402312687e-28,2.3446180988129187e-15,0.5299236679809752
915,3.3358720402312687e-28,1.8641349315954227e-15,0.5296383582613159
916,3.3065303811331538e-28,2.5096025522866355e-15,0.5293530485416569
917,3.3065303811331538e-28,3.3727891810929903e-15,0.5290677388219978
918,3.5620445385304463e-28,4.5251459686427085e-15,0.5287824291023386
919,3.5620445385304463e-28,3.606514151158016e-15,0.5284971193826793
920,1.741464518319821e-28,2.8726897596123464e-15,0.5282118096630204
921,1.741464518319821e-28,3.855323345374214e-15,0.527926499943361
922,1.1780747055114472e-28,5.165312500070293e-15,0.5276411902237022
923,1.1780747055114472e-28,6.9087356013135476e-15,0.5273558805040428
924,2.402187432437937e-28,9.225059546497526e-15,0.5270705707843837
925,2.402187432437937e-28,7.373034420386049e-15,0.5267852610647246
926,1.4415991516393126e-28,5.8893655897842604e-15,0.5264999513450656
927,1.4415991516393126e-28,4.701503099725455e-15,0.5262146416254063
928,8.701767738114129e-29,3.751039904282582e-15,0.5259293319057472
929,8.701767738114129e-29,5.020151569240351e-15,0.5256440221860881
930,8.348808583928784e-29,6.707406970982039e-15,0.5253587124664291
931,8.348808583928784e-29,5.358899873465135e-15,0.5250734027467698
932,4.6211955348221565e-29,4.279014222754746e-15,0.5247880930271107
933,4.6211955348221565e-29,3.4147561695598446e-15,0.5245027833074516
934,6.241486087068281e-29,2.7234808337248384e-15,0.5242174735877925
935,6.241486087068281e-29,2.1708927963989856e-15,0.5239321638681333
936,6.343899482839904e-29,1.729428576439282e-15,0.5236468541484741
937,6.343899482839904e-29,2.3204928268017747e-15,0.523361544428815
938,8.031558200762546e-29,1.8493572020976244e-15,0.523076234709156
939,8.031558200762546e-29,2.4797040643593875e-15,0.5227909249894969
940,8.773764446837005e-29,1.9770430481697935e-15,0.5225056152698377
941,8.773764446837005e-29,2.6490980002911957e-15,0.5222203055501786
942,4.907221115227486e-29,3.5437295851931165e-15,0.5219349958305195
943,4.907221115227486e-29,2.82927728606689e-15,0.52164968611086
944,2.6591433196314157e-29,2.257570570970965e-15,0.5213643763912011
945,2.6591433196314157e-29,3.020877272437182e-15,0.521079066671542
946,1.0331518485166686e-29,2.411419458889289e-15,0.5207937569518829
947,1.0331518485166686e-29,1.923819188058839e-15,0.5205084472322237
948,8.78384101335593e-30,1.5339397697937555e-15,0.5202231375125647
949,8.78384101335593e-30,2.0551774591743025e-15,0.5199378277929053
950,9.671702256055878e-30,1.6393322104537508e-15,0.5196525180732464
951,9.671702256055878e-30,1.3068871783874272e-15,0.5193672083535871
952,7.41051097333247e-30,1.7514809275559896e-15,0.5190818986339281
953,7.41051097333247e-30,2.343480626925796e-15,0.5187965889142688
954,1.6420153527765264e-29,1.8707871647063022e-15,0.5185112791946097
955,1.6420153527765264e-29,2.5014384760790128e-15,0.5182259694749506
956,2.0564867105776259e-29,3.3392452366486152e-15,0.5179406597552914
957,2.0564867105776259e-29,2.669321565284887e-15,0.5176553500356325
958,1.456620031726637e-29,2.1325876415725203e-15,0.5173700403159731
959,1.456620031726637e-29,1.7028132984731155e-15,0.517084730596314
960,2.3519313159554018e-29,1.3588830039255716e-15,0.5167994208766549
961,2.3519313159554018e-29,1.0838089235390367e-15,0.5165141111569959
962,2.451047157943257e-29,1.4514055718000554e-15,0.5162288014373368
963,2.451047157943257e-29,1.158058618777216e-15,0.5159434917176775
964,3.488577958575977e-29,9.234828108220424e-16,0.5156581819980184
965,3.488577958575977e-29,1.2370580520073224e-15,0.5153728722783593
966,1.4686478737967335e-29,9.868679186178614e-16,0.5150875625587001
967,1.4686478737967335e-29,7.868381069847534e-16,0.514802252839041
968,1.0347681450518978e-29,6.27003353168538e-16,0.5145169431193819
969,1.0347681450518978e-29,4.993593494118606e-16,0.5142316333997228
970,1.2623333807089258e-29,3.974807195597448e-16,0.5139463236800637
971,1.2623333807089258e-29,3.1621263746696407e-16,0.5136610139604044
972,9.918038434860653e-30,4.25314430445067e-16,0.5133757042407454
973,9.918038434860653e-30,5.711375087627142e-16,0.5130903945210863
974,8.819382052333738e-30,7.657255452167424e-16,0.5128050848014272
975,8.819382052333738e-30,1.02496653783034e-15,0.5134288446592055
976,1.004806797990879e-29,8.180358906371104e-16,0.5140526045169839
977,1.004806797990879e-29,1.0942697523519996e-15,0.5146763643747623
978,5.5552348922596086e-30,1.461452623592082e-15,0.5153001242325408
979,5.5552348922596086e-30,1.1679492667926565e-15,0.5159238840903192
980,4.7481002758766246e-30,9.328725327538606e-16,0.5165476439480975
981,4.7481002758766246e-30,7.446984171815569e-16,0.5171714038058759
982,4.616780173434163e-30,9.958053275537332e-16,0.5177951636636544
983,4.616780173434163e-30,1.3294762237458375e-15,0.5184189235214328
984,3.884237205745931e-30,1.7721520404400113e-15,0.5190426833792111
985,3.884237205745931e-30,2.3585104790600423e-15,0.5196664432369895
986,2.897657488758286e-30,1.8887822554649387e-15,0.520290203094768
987,2.897657488758286e-30,1.5117675575069847e-15,0.5209139629525464
988,1.7289101772287026e-30,2.0125732317447174e-15,0.5215377228103247
989,1.7289101772287026e-30,2.6750918164461034e-15,0.5221614826681031
990,1.4099721828977284e-30,2.143932185776546e-15,0.5227852425258815
991,1.4099721828977284e-30,1.717286565985491e-15,0.52340900238366
992,2.667009900125805e-30,1.374784334907911e-15,0.5240327622414385
993,2.667009900125805e-30,1.8295985962764648e-15,0.524656522099217
994,1.5714994422415175e-30,2.431090171878966e-15,0.5252802819569953
995,1.5714994422415175e-30,1.948763768819447e-15,0.5259040418147737
996,1.4830776350352919e-30,1.5612689804852268e-15,0.5265278016725521
997,1.4830776350352919e-30,2.0751694486346792e-15,0.5271515615303305
998,6.898213573230068e-31,1.663162359695127e-15,0.5277753213881089
999,6.898213573230068e-31,1.3322231946179596e-15,0.5283990812458874
