,DL-LA 9-class,DL-LA Wegener
0,,1.0
1,,0.75
2,,0.5
3,,0.3125
4,0.889826523769571,0.5
5,0.889826523769571,0.34375
6,0.9929932220884928,0.2265625
7,0.9929932220884928,0.14453125
8,0.7301167779473677,0.08984375
9,0.7301167779473677,0.0546875
10,0.6648408878837685,0.03271484375
11,0.6648408878837685,0.019287109375
12,0.5193385524938745,0.046142578125
13,0.5193385524938745,0.08978271484375
14,0.2857554607263596,0.15087890625
15,0.2857554607263596,0.1050567626953125
16,0.26518560291837645,0.0717315673828125
17,0.26518560291837645,0.048126220703125
18,0.2151391318334406,0.0317840576171875
19,0.2151391318334406,0.020694732666015625
20,0.22477731283971875,0.013301849365234375
21,0.22477731283971875,0.00845026969909668
22,0.2826591436639716,0.01734483242034912
23,0.2826591436639716,0.03195732831954956
24,0.22284218640857262,0.021642625331878662
25,0.22284218640857262,0.03775934875011444
26,0.133077847481743,0.026119492948055267
27,0.133077847481743,0.04357927665114403
28,0.1200270925474292,0.03071417286992073
29,0.1200270925474292,0.02138697262853384
30,0.04923281242935193,0.014724686741828918
31,0.04923281242935193,0.025051229866221547
32,0.08916326944577761,0.01754101668484509
33,0.08916326944577761,0.012153255054727197
34,0.05838920029138507,0.008336923900060356
35,0.05838920029138507,0.005665492091793567
36,0.05495028833482136,0.003816039301455021
37,0.05495028833482136,0.0025488216488156468
38,0.09249701361332373,0.0016889239559532143
39,0.09249701361332373,0.0011107168866146822
40,0.05836451688171377,0.0007252455070556607
41,0.05836451688171377,0.001443623987142928
42,0.0545294925375109,0.0009569805006321985
43,0.0545294925375109,0.0006300169081328022
44,0.021288245332514905,0.0004120411797998713
45,0.021288245332514905,0.0008207456704241167
46,0.011595511576565496,0.0005442691032371272
47,0.011595511576565496,0.0010440536669982237
48,0.014028252807865021,0.001900827204874389
49,0.014028252807865021,0.003300223983405459
50,0.0096828359050614,0.0023006548558832662
51,0.0096828359050614,0.0015926267238883796
52,0.0049556113193072225,0.0027431724383800704
53,0.0049556113193072225,0.0045366701697935885
54,0.0038694658223065357,0.0032279015549783185
55,0.0038694658223065357,0.005227409160946092
56,0.0028903960788496962,0.003754087767075101
57,0.0028903960788496962,0.0026774298254001465
58,0.002556266631196644,0.004320749841640868
59,0.002556266631196644,0.0031088013296633357
60,0.0016687858749003927,0.004926724097629632
61,0.0016687858749003927,0.0035743669165815345
62,0.003004565885872901,0.0025761985210460314
63,0.003004565885872901,0.004073451114349285
64,0.006472944448361543,0.006251273068244925
65,0.006472944448361543,0.009328630177010501
66,0.00354404866642271,0.006966937512143896
67,0.00354404866642271,0.0051688305968477285
68,0.0031496115647481108,0.0077161487268506326
69,0.0031496115647481108,0.005763204827181739
70,0.005008533330977907,0.00849732628671819
71,0.005008533330977907,0.01223045366416219
72,0.0027469695744615835,0.009308875716597323
73,0.0027469695744615835,0.013258416275342418
74,0.0025970752755007783,0.010149203495053723
75,0.0025970752755007783,0.014313327754368941
76,0.002122914218355001,0.019769766438988885
77,0.002122914218355001,0.026772196084251132
78,0.002229808499826413,0.02108272199747556
79,0.002229808499826413,0.02833221317256056
80,0.0009826149457255985,0.03739407714141683
81,0.0009826149457255985,0.04851545564864955
82,0.00148235276309934,0.03920981240790381
83,0.00148235276309934,0.031486128518084855
84,0.0008799136744118826,0.02512544766764572
85,0.0008799136744118826,0.01992681428026757
86,0.0005150062373995025,0.015709055116923047
87,0.0005150062373995025,0.012311415790895508
88,0.00028004643480160124,0.009593304330073485
89,0.00028004643480160124,0.007433376472813123
90,0.0003824742266815567,0.005728170269712833
91,0.0003824742266815567,0.004390465403487612
92,0.0010976530060974766,0.0062003013989688
93,0.0010976530060974766,0.008604797792965229
94,0.0008175330402876779,0.011744001418460569
95,0.0008175330402876779,0.015774060126866753
96,0.0008486152836943763,0.020864660600642994
97,0.0008486152836943763,0.016680014448471007
98,0.0015182496098908099,0.013262553424197207
99,0.0015182496098908099,0.010489367838925864
100,0.002609742181789522,0.014044733973889131
101,0.002609742181789522,0.01853338371928026
102,0.0032136234670472,0.0241168260854985
103,0.0032136234670472,0.030963189939313726
104,0.004632496564163084,0.03924251366950888
105,0.004632496564163084,0.03223179599474685
106,0.003889164667062473,0.026333890649312137
107,0.003889164667062473,0.02140361039961279
108,0.0023771884854511564,0.02745440888788016
109,0.0023771884854511564,0.03478259816811511
110,0.002158010303975415,0.02858182262330093
111,0.002158010303975415,0.036063193117587586
112,0.0018691859780685235,0.03693888179735585
113,0.0018691859780685235,0.030522344752994604
114,0.001499763563471176,0.03821727430187178
115,0.001499763563471176,0.0316588934150228
116,0.0008691366170590651,0.026101817670657335
117,0.0008691366170590651,0.032799846073535935
118,0.0008917531560804183,0.04077810018967558
119,0.0008917531560804183,0.033944577430914495
120,0.00046484500673667385,0.04205934739895675
121,0.00046484500673667385,0.03509249598324628
122,0.0003953468992076784,0.04334042247334684
123,0.0003953468992076784,0.03624304254342322
124,0.0003831451713987224,0.030170266457823267
125,0.0003831451713987224,0.025002817800075076
126,0.00044186847755778937,0.031199583979663274
127,0.00044186847755778937,0.038549935871770885
128,0.0002912608099206698,0.03223274003890996
129,0.0002912608099206698,0.03970531299947108
130,0.00017690628563306798,0.04845343350925209
131,0.00017690628563306798,0.05859254359906901
132,0.00015371065275067834,0.07022909110143051
133,0.00015371065275067834,0.05997742101457992
134,0.0003080638048515353,0.05099731573739662
135,0.0003080638048515353,0.061356297364084836
136,0.00022754059062840887,0.052264829583131125
137,0.00022754059062840887,0.044329616041373636
138,0.00019093995139779377,0.05352897298295963
139,0.00019093995139779377,0.045484473987678874
140,0.00011960435959083176,0.03848708649063337
141,0.00011960435959083176,0.03243165891102339
142,8.061622192388751e-05,0.027217638983731984
143,8.061622192388751e-05,0.022750131948179195
144,7.881450579014663e-05,0.01894064115769344
145,7.881450579014663e-05,0.02350255641824806
146,8.876248462403558e-05,0.0289134393217143
147,8.876248462403558e-05,0.03527300022843302
148,7.247404887936349e-05,0.02976670461529113
149,7.247404887936349e-05,0.03622400676489357
150,0.00010281170877826594,0.03062312851815913
151,0.00010281170877826594,0.03717645268428175
152,7.505481879994609e-05,0.03148241297069149
153,7.505481879994609e-05,0.026558093861215205
154,7.08911326391054e-05,0.02231907848741769
155,7.08911326391054e-05,0.018686494170325738
156,3.221537392482076e-05,0.02300959734270819
157,3.221537392482076e-05,0.019298913681450577
158,2.7947759512666696e-05,0.01612737339749959
159,2.7947759512666696e-05,0.01991630962237072
160,2.8654399193482073e-05,0.024403372840273857
161,2.8654399193482073e-05,0.029673219395959925
162,4.6344115696192293e-05,0.025106141101439133
163,4.6344115696192293e-05,0.02116511456068036
164,6.699744770394364e-05,0.025812516697119266
165,6.699744770394364e-05,0.03124793124089143
166,4.815717583454808e-05,0.03755488622481324
167,4.815717583454808e-05,0.03203875322552976
168,4.3012168145701146e-05,0.027235195013738698
169,4.3012168145701146e-05,0.02307007353645424
170,3.939794576313152e-05,0.019473727871012692
171,3.939794576313152e-05,0.023712692754370535
172,5.304607841552902e-05,0.02866968926257545
173,5.304607841552902e-05,0.034422522303760104
174,2.079565645459639e-05,0.04104935432713726
175,2.079565645459639e-05,0.035220214636043995
176,3.586789818456522e-05,0.030114391428119305
177,3.586789818456522e-05,0.02566070874369367
178,1.2934105199703026e-05,0.030840096946549076
179,1.2934105199703026e-05,0.03681913506015133
180,1.5856226998108033e-05,0.031567798931906074
181,1.5856226998108033e-05,0.026974351402524948
182,7.062159129929285e-06,0.022972544173441738
183,7.062159129929285e-06,0.01949997650622276
184,5.2233102637478345e-06,0.023567814726055084
185,5.2233102637478345e-06,0.020033398269084925
186,5.229132551682577e-06,0.016973948043748553
187,5.229132551682577e-06,0.014335716353364497
188,3.599603986182336e-06,0.01206923188268247
189,3.599603986182336e-06,0.010129290158296849
190,3.2373136868578498e-06,0.008474869114503963
191,3.2373136868578498e-06,0.007068984727955742
192,2.8311455881835343e-06,0.005878500541782309
193,2.8311455881835343e-06,0.007322156581932453
194,4.155669762040008e-06,0.00905945579283191
195,4.155669762040008e-06,0.0075792194387197245
196,3.3210074416888053e-06,0.006321915336907083
197,3.3210074416888053e-06,0.005257622967929454
198,2.59443227311559e-06,0.004359748848448076
199,2.59443227311559e-06,0.003604785382371263
200,1.8739543692606485e-06,0.002972061769881454
201,1.8739543692606485e-06,0.0037513044578436597
202,2.085851420454063e-06,0.0030976334765319066
203,2.085851420454063e-06,0.0025506998230024913
204,1.016143789553363e-06,0.0020945194866797126
205,1.016143789553363e-06,0.0026604816901997412
206,1.4102119182424137e-06,0.002188044856846502
207,1.4102119182424137e-06,0.00179460152128419
208,7.434768208674212e-07,0.002283912747350012
209,7.434768208674212e-07,0.0018761050504369214
210,5.295404243090277e-07,0.0023821220483156765
211,5.295404243090277e-07,0.0030052201004380505
212,5.504867806718867e-07,0.003767382177900803
213,5.504867806718867e-07,0.0031252380481578287
214,6.999986452778962e-07,0.003909609448226288
215,6.999986452778962e-07,0.00324779312858951
216,9.311139100762333e-07,0.002690771800195949
217,9.311139100762333e-07,0.0022233686778679825
218,8.310195507277839e-07,0.0018323343306915429
219,8.310195507277839e-07,0.0015061527253727427
220,1.1206765312458642e-06,0.001234857146273598
221,1.1206765312458642e-06,0.001009857532587836
222,1.2330906501650588e-06,0.0008237802143006897
223,1.2330906501650588e-06,0.0006703205586147392
224,1.2326677211648927e-06,0.0008641652090980683
225,1.2326677211648927e-06,0.0011071488445462334
226,8.73035688755777e-07,0.0014097783667590834
227,8.73035688755777e-07,0.0017843142184666935
228,6.91354449709951e-07,0.0022449519085852706
229,6.91354449709951e-07,0.0018582432760478704
230,6.652099955444597e-07,0.0015342921554218102
231,6.652099955444597e-07,0.0019339343333298487
232,8.057245176959168e-07,0.0015989369341180622
233,8.057245176959168e-07,0.0020113894221640946
234,7.576355098418152e-07,0.0016651801007464171
235,7.576355098418152e-07,0.0013751740095529253
236,3.5232321638612663e-07,0.0017330257105338009
237,3.5232321638612663e-07,0.0014330899245673452
238,2.3388275257665972e-07,0.0018024772004363752
239,2.3388275257665972e-07,0.001492457213807749
240,1.62278042182665e-07,0.0018735374031693718
241,1.62278042182665e-07,0.0015532809191951978
242,1.3787929715103464e-07,0.001946208561389314
243,1.3787929715103464e-07,0.0024251502285210524
244,1.1290923452482436e-07,0.0030056054444520318
245,1.1290923452482436e-07,0.002513195650425073
246,1.396257770706492e-07,0.002096389850498539
247,1.396257770706492e-07,0.001744532780971236
248,6.597626989069243e-08,0.0014482963503641495
249,6.597626989069243e-08,0.0018112217525319014
250,5.254736280029021e-08,0.0015054950630713285
251,5.254736280029021e-08,0.001248454457570774
252,3.683040782578067e-08,0.0015640310795520442
253,3.683040782578067e-08,0.0012985701202571196
254,5.3269557027864784e-08,0.001623908255540003
255,5.3269557027864784e-08,0.0013498980316300933
256,2.981215046197482e-08,0.0011195528731711738
257,2.981215046197482e-08,0.0014024431524732397
258,2.419507158864894e-08,0.001164516664024991
259,2.419507158864894e-08,0.0009647702379235399
260,1.6629749806390818e-08,0.0012105822919206818
261,1.6629749806390818e-08,0.001511202829382645
262,1.6314802826412642e-08,0.0012577551626127151
263,1.6314802826412642e-08,0.0010444693860760291
264,1.1516859855878421e-08,0.0013060403207561225
265,1.1516859855878421e-08,0.001085817420727389
266,7.23027756589951e-09,0.0009007333426381959
267,7.23027756589951e-09,0.0007455616721378128
268,4.3149201022298865e-09,0.0009369425085439399
269,4.3149201022298865e-09,0.0007764301431553706
270,1.7909376312627152e-09,0.0009740606042968859
271,1.7909376312627152e-09,0.0012159226813714284
272,8.561979511749368e-10,0.0010120934691191111
273,8.561979511749368e-10,0.0008406109407228079
274,7.236736444226144e-10,0.0010510466636521735
275,7.236736444226144e-10,0.0013077602826689488
276,1.1375129207457167e-09,0.001090925472344156
277,1.1375129207457167e-09,0.0009080914881572278
278,1.2568913671479699e-09,0.0007542924651098604
279,1.2568913671479699e-09,0.0006252210567052369
280,8.549633254104745e-10,0.0005171530189872685
281,8.549633254104745e-10,0.0004268783307666065
282,5.866130671970712e-10,0.00035163866435197207
283,5.866130671970712e-10,0.0004452927012427467
284,4.263090677052188e-10,0.000367220529892771
285,4.263090677052188e-10,0.00030222257201590225
286,2.265101772707305e-10,0.0002482293340720166
287,2.265101772707305e-10,0.00031578335912564587
288,4.668832603622787e-10,0.00039978849049059534
289,4.668832603622787e-10,0.00032975909684551934
290,5.396628977107775e-10,0.0004167864257543688
291,5.396628977107775e-10,0.00034415548943617774
292,5.137633221593516e-10,0.0002836165395610195
293,5.137633221593516e-10,0.00023326602349477604
294,4.2745204444949385e-10,0.00019147929197844418
295,4.2745204444949385e-10,0.00015687357802854736
296,6.306680919499152e-10,0.00012827519152786468
297,6.306680919499152e-10,0.00010469057593108282
298,3.4189959491742223e-10,0.00013453843592590702
299,3.4189959491742223e-10,0.00010992534131920176
300,5.57707007888062e-10,8.964602894689622e-05
301,5.57707007888062e-10,0.0001153493354969724
302,4.862104472179056e-10,9.417419951624379e-05
303,4.862104472179056e-10,7.67432325656018e-05
304,3.159524397132723e-10,9.886890683673411e-05
305,3.159524397132723e-10,0.00012678034827867869
306,3.019154785181927e-10,0.00010373366466492618
307,3.019154785181927e-10,8.471960109685317e-05
308,3.3837369278899566e-10,0.00010877198305016686
309,3.3837369278899566e-10,8.893061272962416e-05
310,1.9794965700934515e-10,0.00011398736677780376
311,1.9794965700934515e-10,9.329445358603737e-05
312,1.1384946713476931e-10,7.621895186292798e-05
313,1.1384946713476931e-10,6.215623013764003e-05
314,1.0087455299106007e-10,5.0597302622918576e-05
315,1.0087455299106007e-10,4.1114733507553667e-05
316,1.7901352645213143e-10,5.3219140287140215e-05
317,1.7901352645213143e-10,4.329195425691139e-05
318,1.518130373837115e-10,3.515462740955054e-05
319,1.518130373837115e-10,2.8497058116659185e-05
320,1.8561074272055527e-10,2.30603543948248e-05
321,1.8561074272055527e-10,3.0051872742746792e-05
322,2.0391085295008957e-10,3.8986607285553586e-05
323,2.0391085295008957e-10,5.035210292678493e-05
324,1.6289666768206888e-10,4.101827282705664e-05
325,1.6289666768206888e-10,3.335690509645067e-05
326,8.377470155897063e-11,4.312966966793393e-05
327,8.377470155897063e-11,3.51106165711127e-05
328,6.970550157028584e-11,2.853366069553031e-05
329,6.970550157028584e-11,3.693414396880561e-05
330,3.271491547817554e-11,3.0046811023303975e-05
331,3.271491547817554e-11,2.4402446620954935e-05
332,2.61372429738945e-11,1.9785124961726403e-05
333,2.61372429738945e-11,1.601475956365604e-05
334,2.2276619491155575e-11,2.0864884753506575e-05
335,2.2276619491155575e-11,1.6906362816507835e-05
336,1.9033042772855325e-11,1.3676285124259891e-05
337,1.9033042772855325e-11,1.104524849929268e-05
338,1.0079580186375552e-11,1.4443607898419823e-05
339,1.0079580186375552e-11,1.167709203215424e-05
340,6.3940736616334965e-12,9.425196685117653e-06
341,6.3940736616334965e-12,1.2337228647221742e-05
342,4.629512753415605e-12,9.96832685145902e-06
343,4.629512753415605e-12,1.3026537693145896e-05
344,6.6674604441226336e-12,1.695064272960911e-05
345,6.6674604441226336e-12,2.196399146339216e-05
346,5.112750385231578e-12,1.7858060785754628e-05
347,5.112750385231578e-12,2.310349775694205e-05
348,7.400164493546849e-12,1.880307243658995e-05
349,7.400164493546849e-12,1.5278480491800236e-05
350,5.614743002323949e-12,1.239472888298567e-05
351,5.614743002323949e-12,1.00393280621324e-05
352,5.347496937369724e-12,1.3068791295488189e-05
353,5.347496937369724e-12,1.0595763054606035e-05
354,3.2922590123890885e-12,1.3771475617253639e-05
355,3.2922590123890885e-12,1.1176411539853937e-05
356,4.5561452281357304e-12,1.4503620159773117e-05
357,4.5561452281357304e-12,1.8744982599839455e-05
358,1.0628732290203415e-11,1.5266074199982044e-05
359,1.0628732290203415e-11,1.24133031694023e-05
360,6.987434100012483e-12,1.0077899396520862e-05
361,6.987434100012483e-12,1.3071049719258982e-05
362,1.7286092382289073e-11,1.062203964927919e-05
363,1.7286092382289073e-11,8.618558614183308e-06
364,1.7960896829176443e-11,6.982251900557042e-06
365,1.7960896829176443e-11,5.648009071344369e-06
366,1.0715291755163377e-11,4.561829716037451e-06
367,1.0715291755163377e-11,5.966655407709126e-06
368,6.835402354615622e-12,4.823828763878576e-06
369,6.835402354615622e-12,6.2996184475604405e-06
370,5.515264723157637e-12,8.194333971972063e-06
371,5.515264723157637e-12,6.6473613813032315e-06
372,4.302373457671401e-12,5.384350169176706e-06
373,4.302373457671401e-12,7.010355430289608e-06
374,1.0113694790050639e-11,5.683684778830949e-06
375,1.0113694790050639e-11,4.601235359034339e-06
376,9.815329482757331e-12,5.996289239446576e-06
377,9.815329482757331e-12,4.858819895303869e-06
378,1.4199195929884407e-11,3.931330721493833e-06
379,1.4199195929884407e-11,3.1762407975361175e-06
380,7.093825021061174e-12,2.5624582421098745e-06
381,7.093825021061174e-12,2.064306386061857e-06
382,7.428236227409985e-12,2.711928818098015e-06
383,7.428236227409985e-12,2.186761333945392e-06
384,4.575250506291221e-12,1.7607763118643555e-06
385,4.575250506291221e-12,1.4157645468082736e-06
386,5.620010494712415e-12,1.136753331580802e-06
387,5.620010494712415e-12,1.5016620467056794e-06
388,4.237429638684991e-12,1.2068503466308144e-06
389,4.237429638684991e-12,1.5918272934786752e-06
390,4.572788912439417e-12,2.09158477042781e-06
391,4.572788912439417e-12,2.73782500150484e-06
392,4.6688876566615046e-12,3.5702626453428665e-06
393,4.6688876566615046e-12,2.8920082912444293e-06
394,1.054817552764942e-11,2.339296094881936e-06
395,1.054817552764942e-11,1.889562766256615e-06
396,9.412219285789111e-12,1.5241652484326014e-06
397,9.412219285789111e-12,1.2277261499926909e-06
398,1.1076710227261606e-11,9.875833477310222e-07
399,1.1076710227261606e-11,1.3008074539172771e-06
400,1.2248404902010554e-11,1.047313388601172e-06
401,1.2248404902010554e-11,1.3774610243857293e-06
402,8.28786797627532e-12,1.110020672780252e-06
403,8.28786797627532e-12,8.932890410504122e-07
404,5.840866146856109e-12,7.179035468319784e-07
405,5.840866146856109e-12,5.761788076010083e-07
406,4.608351477389288e-12,4.61816512160189e-07
407,4.608351477389288e-12,6.119675605609541e-07
408,3.977232297337769e-12,4.909417490038844e-07
409,3.977232297337769e-12,3.933303491218198e-07
410,3.1279510890994842e-12,3.147130118840907e-07
411,3.1279510890994842e-12,2.514811770334373e-07
412,2.755963013378796e-12,2.0069362570649861e-07
413,2.755963013378796e-12,1.5995680527571816e-07
414,1.8866210479756553e-12,1.2732586154891545e-07
415,1.8866210479756553e-12,1.0122294489797309e-07
416,1.0628958516239422e-12,8.036989701992418e-08
417,1.0628958516239422e-12,6.373288578635266e-08
418,1.0156556618832105e-12,8.600533613369054e-08
419,1.0156556618832105e-12,6.826377919613518e-08
420,6.390088815959591e-13,5.411471899166805e-08
421,6.390088815959591e-13,4.2845398517104785e-08
422,4.4348924184062635e-13,3.3881309603211754e-08
423,4.4348924184062635e-13,2.6760049370426614e-08
424,3.674122348115362e-13,2.110998002495121e-08
425,3.674122348115362e-13,2.874815390105033e-08
426,4.1589429658456056e-13,2.2698984653524576e-08
427,4.1589429658456056e-13,3.086358595271102e-08
428,2.9040332218703506e-13,2.4391324766210358e-08
429,2.9040332218703506e-13,3.3113124114641343e-08
430,2.9351245395888114e-13,4.479063358900195e-08
431,2.9351245395888114e-13,3.550382824765945e-08
432,2.269585585212852e-13,2.8108671424332995e-08
433,2.269585585212852e-13,2.222726177326846e-08
434,2.0724540494267461e-13,3.0145611144544084e-08
435,2.0724540494267461e-13,2.3859104235661125e-08
436,2.740715629785837e-13,3.23097666567365e-08
437,2.740715629785837e-13,2.559442467639112e-08
438,7.899463422462686e-13,3.46077392707605e-08
439,7.899463422462686e-13,4.6629788105069864e-08
440,5.606786685393853e-13,3.704639700642913e-08
441,5.606786685393853e-13,2.939760860903483e-08
442,8.435294699134291e-13,3.963288182375695e-08
443,8.435294699134291e-13,3.147709961626085e-08
444,1.1885638570296187e-12,2.4970155025540165e-08
445,1.1885638570296187e-12,3.3683336505082635e-08
446,1.1749428985527333e-12,4.527931407435153e-08
447,1.1749428985527333e-12,3.60227350691946e-08
448,1.2302526099178273e-12,2.862480243074269e-08
449,1.2302526099178273e-12,3.850196372848201e-08
450,1.1567777765787762e-12,5.1609929212526334e-08
451,1.1567777765787762e-12,4.112795018509513e-08
452,1.0534612733756275e-12,5.5052780715432707e-08
453,1.0534612733756275e-12,7.344313447608534e-08
454,1.7296441400461783e-12,5.8692476410111754e-08
455,1.7296441400461783e-12,7.81918072504846e-08
456,1.7680671657395046e-12,1.0382194647621916e-07
457,1.7680671657395046e-12,8.320268344172809e-08
458,2.375233572414855e-12,6.659980214712839e-08
459,2.375233572414855e-12,8.848761392923914e-08
460,1.3396363440954592e-12,1.1718147958340546e-07
461,1.3396363440954592e-12,9.40588547012299e-08
462,1.85626417705696e-12,1.243966390039909e-07
463,1.85626417705696e-12,1.6398461965949153e-07
464,1.7960813434867905e-12,2.154729785030504e-07
465,1.7960813434867905e-12,1.737718851224584e-07
466,1.3999984503657348e-12,1.3997542190481997e-07
467,1.3999984503657348e-12,1.1261925492199387e-07
468,9.181790646353642e-13,9.050344349672282e-08
469,9.181790646353642e-13,7.26460700533938e-08
470,4.72642172391689e-13,5.82447349684562e-08
471,4.72642172391689e-13,4.6644633867753786e-08
472,3.992195430140868e-13,3.7312134240269756e-08
473,3.992195430140868e-13,2.981293845879594e-08
474,6.699428698121549e-13,2.3794065263197656e-08
475,6.699428698121549e-13,3.177364509233892e-08
476,6.800121952302489e-13,2.537882818534622e-08
477,6.800121952302489e-13,3.384552151329744e-08
478,9.40629442353702e-13,2.705478117168743e-08
479,9.40629442353702e-13,3.6033805461173055e-08
480,5.187059751684051e-13,2.8826299040394097e-08
481,5.187059751684051e-13,2.3034660866731183e-08
482,4.045368522543827e-13,1.838618930199543e-08
483,4.045368522543827e-13,1.465957487646805e-08
484,7.346586952107055e-13,1.96101622809084e-08
485,7.346586952107055e-13,2.614967757753353e-08
486,1.0778589166212588e-12,3.476048089974117e-08
487,1.0778589166212588e-12,2.7840361098227955e-08
488,8.341423753917991e-13,3.696135710760158e-08
489,8.341423753917991e-13,2.962541985868024e-08
490,7.357363767035046e-13,2.371924846186387e-08
491,7.357363767035046e-13,1.8969673129822767e-08
492,4.83803873191546e-13,2.5246452318298082e-08
493,4.83803873191546e-13,2.020626236061696e-08
494,4.2263819317050886e-13,2.6858637625988562e-08
495,4.2263819317050886e-13,2.151265996899278e-08
496,2.7263546319370246e-13,1.721197953191982e-08
497,2.7263546319370246e-13,1.3756145020761316e-08
498,2.6809147753636615e-13,1.0982330557428412e-08
499,2.6809147753636615e-13,8.758439339432043e-09
500,2.155976133748143e-13,6.977437936259754e-09
501,2.155976133748143e-13,9.347930978035895e-09
502,1.7585179658335333e-13,1.248540907412447e-08
503,1.7585179658335333e-13,1.66251732824019e-08
504,1.715429595610714e-13,1.3302417258080978e-08
505,1.715429595610714e-13,1.0632400892047139e-08
506,1.1019899632240579e-13,1.4165901248375715e-08
507,1.1019899632240579e-13,1.881689658444297e-08
508,3.3455238505619574e-13,1.507808608803534e-08
509,3.3455238505619574e-13,2.0004469541712515e-08
510,2.5469675271601615e-13,2.6461480791147615e-08
511,2.5469675271601615e-13,2.125697204124557e-08
512,1.931575986503237e-13,2.8085176501910097e-08
513,1.931575986503237e-13,2.2577375680366537e-08
514,4.844766197217754e-13,1.8130382332824564e-08
515,4.844766197217754e-13,2.396875930527256e-08
516,6.100336194150961e-13,3.1594509693913344e-08
517,6.100336194150961e-13,4.1525318261201666e-08
518,2.2383837333608263e-12,3.3487876033575045e-08
519,2.2383837333608263e-12,2.6977334234390548e-08
520,3.1844332891253924e-12,2.1709494770124948e-08
521,3.1844332891253924e-12,1.745187523277426e-08
522,3.7831145408006144e-12,1.4014532384224183e-08
523,3.7831145408006144e-12,1.852815792706329e-08
524,3.365601684850011e-12,2.442486529728222e-08
525,3.365601684850011e-12,3.210598388858565e-08
526,2.9585616319739577e-12,2.589025033651088e-08
527,2.9585616319739577e-12,2.0855962898594026e-08
528,3.4686941148638655e-12,1.678302954497568e-08
529,3.4686941148638655e-12,1.3491460448816407e-08
530,4.678695958350692e-12,1.780655766280464e-08
531,4.678695958350692e-12,2.3435076813045974e-08
532,4.698997087391589e-12,1.8884234297455956e-08
533,4.698997087391589e-12,1.5201350750506076e-08
534,3.12417536899289e-12,2.0018462093989713e-08
535,3.12417536899289e-12,1.6125300159948424e-08
536,3.200045182680603e-12,2.1211728049274346e-08
537,3.200045182680603e-12,1.709801137972154e-08
538,3.410722076240793e-12,2.2466605576501147e-08
539,3.410722076240793e-12,1.8121645861490795e-08
540,3.653019743211314e-12,2.3785756591203937e-08
541,3.653019743211314e-12,3.1133910207657006e-08
542,1.4098084783284025e-12,2.5171933618266e-08
543,1.4098084783284025e-12,3.291324983868909e-08
544,1.6565358386294597e-12,4.291760939555174e-08
545,1.6565358386294597e-12,5.5810741836732394e-08
546,9.547290707009145e-13,4.530495250251039e-08
547,9.547290707009145e-13,3.673873327668553e-08
548,8.494028397442465e-13,4.780651757907587e-08
549,8.494028397442465e-13,3.879218645927661e-08
550,5.604089275892205e-13,5.0426826631224705e-08
551,5.604089275892205e-13,4.094451408121894e-08
552,3.9195664937838e-13,3.321115967664334e-08
553,3.9195664937838e-13,4.319966534898389e-08
554,5.326815626083535e-13,3.506264044530822e-08
555,5.326815626083535e-13,2.842928782796574e-08
556,6.39375028427571e-13,3.7003133106150735e-08
557,6.39375028427571e-13,4.803484949416145e-08
558,4.3678554175078847e-13,6.219083482921964e-08
559,4.3678554175078847e-13,8.030727922124168e-08
560,6.192916543593911e-13,1.0343047746030222e-07
561,6.192916543593911e-13,1.3286595608992615e-07
562,5.434271861870865e-13,1.0868640522036451e-07
563,5.434271861870865e-13,8.881561601590579e-08
564,5.295287346091771e-13,7.250337162812675e-08
565,5.295287346091771e-13,5.912674746442707e-08
566,6.77435803262054e-13,7.625358056311766e-08
567,6.77435803262054e-13,9.80883332166086e-08
568,8.411434888312392e-13,1.2585244041908582e-07
569,8.411434888312392e-13,1.6106433204622717e-07
570,5.852857566037149e-13,1.3206804324706e-07
571,5.852857566037149e-13,1.0818115830170233e-07
572,1.2195573620740202e-12,1.3854473687443454e-07
573,1.2195573620740202e-12,1.7698339804639896e-07
574,1.299381195793991e-12,1.4529143051298682e-07
575,1.299381195793991e-12,1.191528533201391e-07
576,1.2368052465797598e-12,1.523172594372754e-07
577,1.2368052465797598e-12,1.942264328817685e-07
578,9.395273138016172e-13,2.4705186871914297e-07
579,9.395273138016172e-13,3.134689695158542e-07
580,1.7809803749085703e-12,2.5845711541701144e-07
581,1.7809803749085703e-12,2.128816423097307e-07
582,1.9765260019111955e-12,2.7030657461302025e-07
583,1.9765260019111955e-12,3.4238260721064207e-07
584,2.978255320959609e-12,2.826141089699365e-07
585,2.978255320959609e-12,2.330415035168418e-07
586,3.5402607384755514e-12,2.9539389353788994e-07
587,3.5402607384755514e-12,2.4371577344002317e-07
588,3.1350758813639977e-12,2.0087497355001403e-07
589,3.1350758813639977e-12,2.548028780393896e-07
590,2.0495136443398126e-12,3.224284974511848e-07
591,2.0495136443398126e-12,4.070229007638909e-07
592,1.8251729999589072e-12,3.3671326174201126e-07
593,1.8251729999589072e-12,4.247026117170685e-07
594,9.824284800754342e-13,3.515301733310775e-07
595,9.824284800754342e-13,2.9067075367251015e-07
596,1.0930270380092221e-12,2.4010604738610446e-07
597,1.0930270380092221e-12,3.035402039735183e-07
598,9.55728995174639e-13,2.508732726493328e-07
599,9.55728995174639e-13,3.1688945753633006e-07
600,1.0332196562857353e-12,2.620480958005724e-07
601,1.0332196562857353e-12,3.3073279892619245e-07
602,1.558797362429852e-12,2.736428911108002e-07
603,1.558797362429852e-12,2.2618211768104743e-07
604,1.0210504468014049e-12,2.8567030459552095e-07
605,1.0210504468014049e-12,2.362502424460227e-07
606,1.0747072124702061e-12,2.981432571487679e-07
607,1.0747072124702061e-12,3.75374786443704e-07
608,1.032594615288155e-12,3.110749476542041e-07
609,1.032594615288155e-12,3.913434686024213e-07
610,7.669188961003979e-13,4.911887490098295e-07
611,7.669188961003979e-13,4.0788229766401056e-07
612,1.1442818996412188e-12,3.383687465027582e-07
613,1.1442818996412188e-12,2.804248221202123e-07
614,9.633913504909286e-13,2.3217495349780607e-07
615,9.633913504909286e-13,1.9203874350307948e-07
616,1.2941396023959954e-12,1.586860615393385e-07
617,1.2941396023959954e-12,1.3099870403750882e-07
618,8.611328606837212e-13,1.0803770649877103e-07
619,8.611328606837212e-13,1.3692855987368053e-07
620,7.283589638437948e-13,1.129880146115086e-07
621,7.283589638437948e-13,9.314367232456687e-08
622,7.908662251352775e-13,7.671120403155416e-08
623,7.908662251352775e-13,9.743540514193576e-08
624,5.619204913517837e-13,8.028829861495867e-08
625,5.619204913517837e-13,1.0189601290473805e-07
626,1.3238130514187827e-12,8.4008145144726e-08
627,1.3238130514187827e-12,1.0653092837470705e-07
628,1.4417721969922213e-12,1.3478534329929848e-07
629,1.4417721969922213e-12,1.1134571591609869e-07
630,1.1939927077163905e-12,9.189490530621835e-08
631,1.1939927077163905e-12,7.577016134930917e-08
632,1.5713701158615243e-12,6.241595387249445e-08
633,1.5713701158615243e-12,5.1367140999241404e-08
634,1.9364930253255385e-12,6.532068510868583e-08
635,1.9364930253255385e-12,8.287718454699887e-08
636,1.5040117409041384e-12,1.0491633881723654e-07
637,1.5040117409041384e-12,1.3251958840474849e-07
638,8.501227721191485e-13,1.670131825137025e-07
639,8.501227721191485e-13,2.1001969880109995e-07
640,6.804705182461679e-13,1.7419246928766606e-07
641,6.804705182461679e-13,1.443404279924147e-07
642,6.34190209780731e-13,1.1949166085420775e-07
643,6.34190209780731e-13,9.882798077595677e-08
644,1.780058210629595e-12,8.166137252971494e-08
645,1.780058210629595e-12,1.0320480999936469e-07
646,1.9835523606817065e-12,8.532095742830917e-08
647,1.9835523606817065e-12,7.04706473038207e-08
648,2.1428827742524717e-12,5.815127615492602e-08
649,2.1428827742524717e-12,4.7941362307256995e-08
650,1.994125959169371e-12,6.08023482586055e-08
651,1.994125959169371e-12,7.694433561253872e-08
652,2.5337279572516897e-12,6.355718697884582e-08
653,2.5337279572516897e-12,8.036898273029027e-08
654,1.4828625831256812e-12,1.0140684237377846e-07
655,1.4828625831256812e-12,8.392411347243704e-08
656,1.0974248856053072e-12,1.0581303726529249e-07
657,1.0974248856053072e-12,8.761380791057712e-08
658,1.1330535528195515e-12,7.247820953477315e-08
659,1.1330535528195515e-12,9.144224288917866e-08
660,7.280040581948714e-13,7.568244047496115e-08
661,7.280040581948714e-13,6.258167122319504e-08
662,6.9471131421381e-13,5.1701671191816977e-08
663,6.9471131421381e-13,6.536361672634825e-08
664,4.36846221468814e-13,8.245873780638509e-08
665,4.36846221468814e-13,6.825167039970294e-08
666,3.311467919673887e-13,5.644123099613615e-08
667,3.311467919673887e-13,7.124916589543611e-08
668,3.249459835547906e-13,5.894869567545162e-08
669,3.249459835547906e-13,4.872786660407588e-08
670,3.1295766275927546e-13,4.0243057112798656e-08
671,3.1295766275927546e-13,3.320599393193064e-08
672,3.814187575812729e-13,2.737508841246776e-08
673,3.814187575812729e-13,2.2548085484617703e-08
674,2.2564629427387797e-13,1.8555833759742685e-08
675,2.2564629427387797e-13,2.3601297637812642e-08
676,1.8350134532397523e-13,1.9432121772203804e-08
677,1.8350134532397523e-13,1.598539311642734e-08
678,2.0611517357774081e-13,2.034434002597053e-08
679,2.0611517357774081e-13,1.6744018614908796e-08
680,1.0546875647101888e-13,2.1293724967806707e-08
681,1.0546875647101888e-13,2.702258361144269e-08
682,6.620404342450116e-14,3.4220763110990995e-08
683,6.620404342450116e-14,4.324584493014311e-08
684,5.694374707703103e-14,5.4537499696827256e-08
685,5.694374707703103e-14,4.51524434018236e-08
686,5.1238874717752944e-14,3.734949791943601e-08
687,5.1238874717752944e-14,4.713145265139953e-08
688,4.8907155091635097e-14,5.935265877151911e-08
689,4.8907155091635097e-14,4.918515226798304e-08
690,3.039562485291571e-14,6.189499803973736e-08
691,3.039562485291571e-14,5.131587733049094e-08
692,2.918369421544228e-14,4.250765334436256e-08
693,2.918369421544228e-14,3.518059362972431e-08
694,2.977134261059422e-14,4.435904893988952e-08
695,2.977134261059422e-14,5.581802687139571e-08
696,1.6198046831540058e-14,7.00945136863083e-08
697,1.6198046831540058e-14,8.784457545688659e-08
698,1.835594657257935e-14,1.09868022571371e-07
699,1.835594657257935e-14,9.145862399564e-08
700,3.145976039627147e-14,7.606713517230928e-08
701,3.145976039627147e-14,6.321060818024803e-08
702,2.1133503787695557e-14,5.248133247962557e-08
703,2.1133503787695557e-14,4.3535463367751316e-08
704,1.6827279822755034e-14,5.470228421971779e-08
705,1.6827279822755034e-14,4.53984749244337e-08
706,1.9007192808802514e-14,3.7644583756035576e-08
707,1.9007192808802514e-14,4.733017222410937e-08
708,1.7719549517823083e-14,3.926416592071382e-08
709,1.7719549517823083e-14,3.254483553355184e-08
710,9.988737129716563e-15,2.6952349384687114e-08
711,9.988737129716563e-15,2.2301878171952692e-08
712,1.3916227832051373e-14,1.8438174992959435e-08
713,1.3916227832051373e-14,1.5230968499523105e-08
714,1.119061737602112e-14,1.9261943157391502e-08
715,1.119061737602112e-14,2.4311174279651333e-08
716,1.0578402170219237e-14,2.0117679090143816e-08
717,1.0578402170219237e-14,1.663351117265103e-08
718,7.793052780323883e-15,2.1006424460104375e-08
719,7.793052780323883e-15,2.6476475342760737e-08
720,3.3342110000400805e-15,2.1929247812247815e-08
721,3.3342110000400805e-15,2.762075566867388e-08
722,2.869365830222663e-15,2.2887245050702943e-08
723,2.869365830222663e-15,1.894903668883735e-08
724,2.733507491135236e-15,2.3881539925463927e-08
725,2.733507491135236e-15,1.9781076320316836e-08
726,2.8332786272718397e-15,2.4913284522678724e-08
727,2.8332786272718397e-15,2.064484490436881e-08
728,2.474355721712907e-15,1.7093472541690498e-08
729,2.474355721712907e-15,1.4141268454757894e-08
730,5.017274009980538e-15,1.1689264363841452e-08
731,5.017274009980538e-15,9.65446220027054e-09
732,8.064308543249808e-15,7.967323024848732e-09
733,8.064308543249808e-15,1.009166950116318e-08
734,5.258279829068535e-15,8.331859578888021e-09
735,5.258279829068535e-15,6.8733127855887545e-09
736,8.541336707862449e-15,8.710988597106877e-09
737,8.541336707862449e-15,1.1018549526675947e-08
738,4.468727292193474e-15,9.105205992148682e-09
739,4.468727292193474e-15,1.1509396805768092e-08
740,5.720087093541332e-15,1.452037230191286e-08
741,5.720087093541332e-15,1.2019324951247633e-08
742,1.0621191968272997e-14,9.940957862273514e-09
743,1.0621191968272997e-14,1.2548961177492392e-08
744,7.066556470470244e-15,1.5810872970397827e-08
745,7.066556470470244e-15,1.988273070465194e-08
746,2.448709985668597e-15,2.4955822008275474e-08
747,2.448709985668597e-15,3.12641727748143e-08
748,2.584266770255915e-15,2.5998688451890946e-08
749,2.584266770255915e-15,3.25498828212788e-08
750,2.6110797237153497e-15,4.067551982237661e-08
751,2.6110797237153497e-15,3.3881309603211754e-08
752,1.7596928107633516e-15,4.231275672619337e-08
753,1.7596928107633516e-15,5.2744180498803737e-08
754,2.436306083208797e-15,4.400683030924909e-08
755,2.436306083208797e-15,3.6686765049099645e-08
756,1.1403711715778743e-15,4.575937874323342e-08
757,1.1403711715778743e-15,5.697032206753574e-08
758,1.2150726159357162e-15,4.7572076806527165e-08
759,1.2150726159357162e-15,5.9190990708478726e-08
760,1.1469843452734953e-15,4.944663642367928e-08
761,1.1469843452734953e-15,4.1272730619748783e-08
762,8.37636298198301e-16,5.1384807207028366e-08
763,8.37636298198301e-16,4.290802972116985e-08
764,8.118790585538506e-16,3.5800531600053595e-08
765,8.118790585538506e-16,2.9846175618003657e-08
766,1.1228124597972183e-15,3.722674951955571e-08
767,1.1228124597972183e-15,3.104787628531471e-08
768,1.1507196268551354e-15,2.587371115406512e-08
769,1.1507196268551354e-15,3.2291436101203584e-08
770,6.160647157467864e-16,4.0227797626351476e-08
771,6.160647157467864e-16,5.0024035085482386e-08
772,3.88398590343789e-16,6.209377186062052e-08
773,3.88398590343789e-16,5.195492760943583e-08
774,2.0530027775861834e-16,4.343651650900622e-08
775,2.0530027775861834e-16,5.394997734204836e-08
776,1.2089086846693804e-16,4.512244199830835e-08
777,1.2089086846693804e-16,3.770901414452944e-08
778,1.0647643144432406e-16,3.148837358953937e-08
779,1.0647643144432406e-16,3.918067665685668e-08
780,8.3520396248811e-17,3.273032038994016e-08
781,8.3520396248811e-17,4.0701920682556384e-08
782,5.483532729127381e-17,5.052497473487334e-08
783,5.483532729127381e-17,4.2274135080367656e-08
784,1.0709652543938493e-16,3.534250049216228e-08
785,1.0709652543938493e-16,4.389873894792369e-08
786,9.491361286922002e-17,5.4430041064200473e-08
787,9.491361286922002e-17,6.736902809118554e-08
788,9.072804296626142e-17,8.323769586930749e-08
789,9.072804296626142e-17,1.0266468958740068e-07
790,2.008440247333034e-16,8.627254248500756e-08
791,2.008440247333034e-16,1.0634845319351269e-07
792,4.228160249461567e-16,8.940214082193447e-08
793,4.228160249461567e-16,1.1014514180255863e-07
794,3.182371829814221e-16,9.262891856155788e-08
795,3.182371829814221e-16,7.783619967038792e-08
796,3.297536105155404e-16,6.535391426056069e-08
797,3.297536105155404e-16,5.482993110000262e-08
798,2.921262621758338e-16,6.775217343922817e-08
799,2.921262621758338e-16,5.6863628284898115e-08
800,2.7745616699897953e-16,7.022599480285817e-08
801,2.7745616699897953e-16,8.657930767894159e-08
802,3.6394037451342486e-16,1.065580388014881e-07
803,3.6394037451342486e-16,8.967553579399842e-08
804,3.1530529423232903e-16,1.1030879831114705e-07
805,3.1530529423232903e-16,9.286654837797463e-08
806,6.710623556240174e-16,7.812064837968483e-08
807,6.710623556240174e-16,6.56645387454827e-08
808,5.098076662503974e-16,5.5151282588993346e-08
809,5.098076662503974e-16,4.628509169424468e-08
810,3.8858991873448353e-16,5.716785210494757e-08
811,3.8858991873448353e-16,4.799543998119529e-08
812,2.7019628964431624e-16,5.9247846148818513e-08
813,2.7019628964431624e-16,4.9760249934890646e-08
814,3.2756165493395335e-16,4.175950969989216e-08
815,3.2756165493395335e-16,5.158095913453296e-08
816,2.2346506256778663e-16,4.3303589567133325e-08
817,2.2346506256778663e-16,3.632643753567222e-08
818,1.8446428104874611e-16,3.044999717698341e-08
819,1.8446428104874611e-16,2.550458987167417e-08
820,2.4776374363356297e-16,3.159389506867749e-08
821,2.4776374363356297e-16,3.9071034737311175e-08
822,1.4479590782924895e-16,3.277497645560189e-08
823,1.4479590782924895e-16,4.050955850825282e-08
824,1.8636263378952704e-16,3.399424987395955e-08
825,1.8636263378952704e-16,2.8505023353819837e-08
826,1.304554616276899e-16,2.3883964337775874e-08
827,1.304554616276899e-16,1.9996849835065978e-08
828,9.579268919818342e-17,2.478647770314967e-08
829,9.579268919818342e-17,2.076017965163918e-08
830,5.875933856501253e-17,2.571856916381406e-08
831,5.875933856501253e-17,2.1548821962858028e-08
832,4.911280264295037e-17,2.6681050491899004e-08
833,4.911280264295037e-17,2.2363481459456046e-08
834,5.581877858490204e-17,2.7674751005282976e-08
835,5.581877858490204e-17,2.3204878353447052e-08
836,5.250256268573294e-17,2.8700517827999268e-08
837,5.250256268573294e-17,2.4073748615566153e-08
838,4.7949670114051007e-17,2.0177674646312627e-08
839,4.7949670114051007e-17,2.4970844214205076e-08
840,4.6685890608786456e-17,2.093720953914447e-08
841,4.6685890608786456e-17,1.7542006265727478e-08
842,4.1381519131602136e-17,2.1721580969915937e-08
843,4.1381519131602136e-17,2.685280072671519e-08
844,3.239123348606874e-17,2.2531470735171403e-08
845,3.239123348606874e-17,1.8891447453190358e-08
846,3.2208839698094984e-17,1.5827696319654713e-08
847,3.2208839698094984e-17,1.3250980064873305e-08
848,2.3201404488218682e-17,1.1085547381953401e-08
849,2.3201404488218682e-17,9.267149406922113e-09
850,2.307607720045021e-17,7.741339148088706e-09
851,2.307607720045021e-17,6.462014891825759e-09
852,2.731809156370036e-17,5.390173764332661e-09
853,2.731809156370036e-17,6.718884832195884e-09
854,4.9381157250259464e-17,5.606495842514734e-09
855,4.9381157250259464e-17,4.674876832180104e-09
856,2.938759862614651e-17,5.8304429237683596e-09
857,2.938759862614651e-17,4.863393971123632e-09
858,1.6686212375772293e-17,4.053807441751357e-09
859,1.6686212375772293e-17,5.058595266639628e-09
860,1.2050857360026654e-17,6.302135468158561e-09
861,1.2050857360026654e-17,5.260683361919352e-09
862,1.434212827909758e-17,6.550356779384191e-09
863,1.434212827909758e-17,8.14298389891746e-09
864,1.6165570299543658e-17,6.80715499563648e-09
865,1.6165570299543658e-17,5.686355708207983e-09
866,3.764498228333431e-17,7.0727826675538025e-09
867,3.764498228333431e-17,8.783079214656736e-09
868,5.318003722413633e-17,7.347498385287302e-09
869,5.318003722413633e-17,6.142134196598231e-09
870,5.915470939553491e-17,5.130824820479963e-09
871,5.915470939553491e-17,4.282961169668388e-09
872,1.2769879205934575e-16,3.57265539170902e-09
873,1.2769879205934575e-16,4.453319013989798e-09
874,2.059261270290364e-16,3.716094172608707e-09
875,2.059261270290364e-16,3.0987105036951516e-09
876,1.440055645376432e-16,3.864607054175463e-09
877,1.440055645376432e-16,4.812100402683309e-09
878,1.5136939652316569e-16,5.982346375390586e-09
879,1.5136939652316569e-16,5.00088556564921e-09
880,1.5206441291834997e-16,4.177474733524809e-09
881,1.5206441291834997e-16,3.4871711141580755e-09
882,1.4197178147005025e-16,2.9088823227863326e-09
883,1.4197178147005025e-16,3.625917854928637e-09
884,2.729648647336578e-16,3.0256942319112096e-09
885,2.729648647336578e-16,2.523056057813376e-09
886,2.712557570593573e-16,2.102444279114986e-09
887,2.712557570593573e-16,1.750728349903525e-09
888,2.8293665784244667e-16,2.1880412633914517e-09
889,2.8293665784244667e-16,1.8226548582313597e-09
890,3.953452892832449e-16,2.2767204449059216e-09
891,3.953452892832449e-16,2.8394153685501595e-09
892,2.785880628178135e-16,3.535611689178473e-09
893,2.785880628178135e-16,4.395609020725294e-09
894,2.232145988805896e-16,3.674412925256496e-09
895,2.232145988805896e-16,3.0693999233832074e-09
896,1.4195868213133092e-16,2.5622207130274198e-09
897,1.4195868213133092e-16,2.1373619063992867e-09
898,1.247843232574052e-16,1.7817180586111077e-09
899,1.247843232574052e-16,1.4842265923714632e-09
900,1.031116748208476e-16,1.235556647221104e-09
901,1.031116748208476e-16,1.0278441185032283e-09
902,1.4052011365580196e-16,8.544662241753216e-10
903,1.4052011365580196e-16,1.070634120803313e-09
904,1.3399569770636926e-16,1.3393915444540695e-09
905,1.3399569770636926e-16,1.6730029787679887e-09
906,1.7677874774403194e-16,2.086464264491337e-09
907,1.7677874774403194e-16,2.5980807252489342e-09
908,1.3750433113839805e-16,2.169540380625017e-09
909,1.3750433113839805e-16,1.8104431638867521e-09
910,1.3384446231107361e-16,1.5097499136538068e-09
911,1.3384446231107361e-16,1.2581400559461566e-09
912,9.199575854174978e-17,1.0477501163033676e-09
913,9.199575854174978e-17,8.719510202473398e-10
914,1.0171516773917015e-16,7.251585898359822e-10
915,1.0171516773917015e-16,6.026724246201771e-10
916,9.298065724673262e-17,7.554714278379621e-10
917,9.298065724673262e-17,9.45548940074932e-10
918,8.828575967601724e-17,1.1816301227222277e-09
919,8.828575967601724e-17,9.843886956759027e-10
920,1.0669403360979527e-16,8.195193519088406e-10
921,1.0669403360979527e-16,1.0246470782340358e-09
922,1.5524484631232373e-16,1.2791600446423613e-09
923,1.5524484631232373e-16,1.5944586068024437e-09
924,1.6095152477076075e-16,1.3305654038510947e-09
925,1.6095152477076075e-16,1.1096010603735146e-09
926,1.7791785443669734e-16,9.247110064030889e-10
927,1.7791785443669734e-16,7.70113232297356e-10
928,1.60043486513912e-16,6.409341378984951e-10
929,1.60043486513912e-16,5.33068897185589e-10
930,1.446178503631697e-16,6.674879184583728e-10
931,1.446178503631697e-16,5.553439667362297e-10
932,7.928277781450443e-17,4.617352242200285e-10
933,7.928277781450443e-17,3.836516839619353e-10
934,6.213688326210376e-17,3.185629139726206e-10
935,6.213688326210376e-17,2.6434321912792004e-10
936,5.256103054576795e-17,2.1920821814980588e-10
937,5.256103054576795e-17,2.7571946339664904e-10
938,3.144945560375354e-17,2.287208726432516e-10
939,3.144945560375354e-17,2.875343299086005e-10
940,2.313668589253434e-17,2.386037370973819e-10
941,2.313668589253434e-17,2.998026738255239e-10
942,2.1184126837857383e-17,3.7613003793704696e-10
943,2.1184126837857383e-17,3.1253977933469035e-10
944,2.136204338708035e-17,2.59531161589902e-10
945,2.136204338708035e-17,3.25761369699833e-10
946,2.501318576540809e-17,2.706021902577155e-10
947,2.501318576540809e-17,3.394836174843802e-10
948,2.036711921897088e-17,2.820963839648119e-10
949,2.036711921897088e-17,3.5372315494853374e-10
950,2.3719588886193353e-17,2.9402795317184147e-10
951,2.3719588886193353e-17,2.44248788985343e-10
952,2.4922908372801607e-17,3.0641151538429587e-10
953,2.4922908372801607e-17,3.8382299005187555e-10
954,2.4657011539288395e-17,3.192621046146195e-10
955,2.4657011539288395e-17,2.6538907097566547e-10
956,1.5472882947433823e-17,3.325951810053778e-10
957,1.5472882947433823e-17,2.765647001738946e-10
958,1.2985693942963081e-17,2.298253503741153e-10
959,1.2985693942963081e-17,2.881619814255365e-10
960,1.2090150910911759e-17,2.3954260577948683e-10
961,1.2090150910911759e-17,1.9899875177076084e-10
962,1.2541025777074775e-17,1.652114846122864e-10
963,1.2541025777074775e-17,1.3707340962609256e-10
964,1.439015777527929e-17,1.1365540582728766e-10
965,1.439015777527929e-17,1.429878426851812e-10
966,1.564595886612744e-17,1.185991414216423e-10
967,1.564595886612744e-17,9.830802207714439e-11
968,1.9375346292210976e-17,1.2373640941405197e-10
969,1.9375346292210976e-17,1.0260067902321072e-10
970,1.6478150263221217e-17,8.502154984511676e-11
971,1.6478150263221217e-17,7.041004843257092e-11
972,1.5350889223999265e-17,5.827306963693683e-11
973,1.5350889223999265e-17,7.352089901679323e-11
974,1.6011548033728234e-17,6.086809290532747e-11
975,1.6011548033728234e-17,7.675573969152791e-11
976,2.15104458090883e-17,6.356746045205397e-11
977,2.15104458090883e-17,8.011895298482257e-11
978,2.191837578055747e-17,1.0083250038464786e-10
979,2.191837578055747e-17,8.361505540804821e-11
980,1.437015550516364e-17,6.92942447606394e-11
981,1.437015550516364e-17,5.739041423764636e-11
982,2.4513091186396747e-17,7.232946079617563e-11
983,2.4513091186396747e-17,5.992406562548938e-11
984,1.5080400894845738e-17,7.548462565941191e-11
985,1.5080400894845738e-17,6.255872528663999e-11
986,1.5337997564312486e-17,5.1814116790456034e-11
987,1.5337997564312486e-17,4.2888404830214384e-11
988,1.2455487476832602e-17,5.4100713419627934e-11
989,1.2455487476832602e-17,4.479588949941874e-11
990,7.858960048153428e-18,3.706857992340252e-11
991,7.858960048153428e-18,3.065540786405815e-11
992,6.611962486791013e-18,3.872326539347911e-11
993,6.611962486791013e-18,3.203439530439667e-11
994,4.7201985580596454e-18,2.6484725038217692e-11
995,4.7201985580596454e-18,2.1883134717453666e-11
996,7.041705737559526e-18,1.8070054892742503e-11
997,7.041705737559526e-18,2.287860959167122e-11
998,5.305699988795106e-18,2.8924963199319978e-11
999,5.305699988795106e-18,2.3915157308480546e-11
